review_tokens_stemmed,Sentimen,sentimen
beautiful package bintang buat safety nya,Positif,"{'classified_text': 'beautiful package bintang buat safety nya', 'tweet_text': ' beautiful package bintang buat safety nya', 'sentence_score': ['beautiful package bintang buat safety nya'], 'max_positive': 1, 'max_negative': -1, 'kelas': 'netral'}"
tipe kulit kering,Netral,"{'classified_text': 'tipe kulit kering', 'tweet_text': ' tipe kulit kering', 'sentence_score': ['tipe kulit kering'], 'max_positive': 1, 'max_negative': -1, 'kelas': 'netral'}"
kirim lama beda provinsi gapapa packingnya aman banget moga cocok baik kulit aku tipe kulit minyak,Negatif,"{'classified_text': 'kirim lama [-2] beda provinsi gapapa packingnya aman [5] banget moga cocok [3] baik [5] kulit aku tipe kulit minyak', 'tweet_text': ' kirim lama beda provinsi gapapa packingnya aman banget moga cocok baik kulit aku tipe kulit minyak', 'sentence_score': ['kirim lama [-2] beda provinsi gapapa packingnya aman [5] banget moga cocok [3] baik [5] kulit aku tipe kulit minyak'], 'max_positive': 5, 'max_negative': -2, 'kelas': 'positif'}"
top,Positif,"{'classified_text': 'top [4]', 'tweet_text': ' top', 'sentence_score': ['top [4]'], 'max_positive': 4, 'max_negative': -1, 'kelas': 'positif'}"
tipe kulit minyak tipe kulit kering tipe kulit normal tipe kulit kombinasi masalah kulit kerut masalah kulit jerawat masalah kulit pori besar tipe kulit sensitif,Positif,"{'classified_text': 'tipe kulit minyak tipe kulit kering tipe kulit normal [-1] tipe kulit kombinasi masalah [-4] kulit kerut [-2] masalah [-5] kulit jerawat masalah [-4] kulit pori besar [3] tipe kulit sensitif [-2]', 'tweet_text': ' tipe kulit minyak tipe kulit kering tipe kulit normal tipe kulit kombinasi masalah kulit kerut masalah kulit jerawat masalah kulit pori besar tipe kulit sensitif', 'sentence_score': ['tipe kulit minyak tipe kulit kering tipe kulit normal [-1] tipe kulit kombinasi masalah [-4] kulit kerut [-2] masalah [-5] kulit jerawat masalah [-4] kulit pori besar [3] tipe kulit sensitif [-2]'], 'max_positive': 3, 'max_negative': -5, 'kelas': 'negatif'}"
exp,Positif,"{'classified_text': 'exp', 'tweet_text': ' exp', 'sentence_score': ['exp'], 'max_positive': 1, 'max_negative': -1, 'kelas': 'netral'}"
no review found,Positif,"{'classified_text': 'no review found', 'tweet_text': ' no review found', 'sentence_score': ['no review found'], 'max_positive': 1, 'max_negative': -1, 'kelas': 'netral'}"
pertama banget dulu sih beli bagus banget muka waktu kemas biru mungkin tahun lalu belum viral perskincare an semenjak hamil stop pakai produk bayi mau coba kangen sensasi waktu pakai dulu memang feelnya beda moga ngaruh jerawat suka muncul tiba tiba,Netral,"{'classified_text': 'pertama banget dulu sih beli bagus [5] banget muka waktu kemas biru mungkin tahun lalu belum viral perskincare an semenjak hamil stop pakai produk bayi mau coba kangen [4] sensasi [-2] waktu pakai dulu memang feelnya beda moga ngaruh jerawat suka [4] muncul tiba tiba', 'tweet_text': ' pertama banget dulu sih beli bagus banget muka waktu kemas biru mungkin tahun lalu belum viral perskincare an semenjak hamil stop pakai produk bayi mau coba kangen sensasi waktu pakai dulu memang feelnya beda moga ngaruh jerawat suka muncul tiba tiba', 'sentence_score': ['pertama banget dulu sih beli bagus [5] banget muka waktu kemas biru mungkin tahun lalu belum viral perskincare an semenjak hamil stop pakai produk bayi mau coba kangen [4] sensasi [-2] waktu pakai dulu memang feelnya beda moga ngaruh jerawat suka [4] muncul tiba tiba'], 'max_positive': 5, 'max_negative': -2, 'kelas': 'positif'}"
tipe kulit minyak,Netral,"{'classified_text': 'tipe kulit minyak', 'tweet_text': ' tipe kulit minyak', 'sentence_score': ['tipe kulit minyak'], 'max_positive': 1, 'max_negative': -1, 'kelas': 'netral'}"
tipe kulit minyak masalah kulit pori besar,Netral,"{'classified_text': 'tipe kulit minyak masalah [-4] kulit pori besar [3]', 'tweet_text': ' tipe kulit minyak masalah kulit pori besar', 'sentence_score': ['tipe kulit minyak masalah [-4] kulit pori besar [3]'], 'max_positive': 3, 'max_negative': -4, 'kelas': 'negatif'}"
tipe kulit minyak tipe kulit normal tipe kulit kering tipe kulit kombinasi masalah kulit jerawat masalah kulit kerut masalah kulit pori besar tipe kulit sensitif,Positif,"{'classified_text': 'tipe kulit minyak tipe kulit normal [-1] tipe kulit kering tipe kulit kombinasi masalah [-4] kulit jerawat masalah [-4] kulit kerut [-2] masalah [-5] kulit pori besar [3] tipe kulit sensitif [-2]', 'tweet_text': ' tipe kulit minyak tipe kulit normal tipe kulit kering tipe kulit kombinasi masalah kulit jerawat masalah kulit kerut masalah kulit pori besar tipe kulit sensitif', 'sentence_score': ['tipe kulit minyak tipe kulit normal [-1] tipe kulit kering tipe kulit kombinasi masalah [-4] kulit jerawat masalah [-4] kulit kerut [-2] masalah [-5] kulit pori besar [3] tipe kulit sensitif [-2]'], 'max_positive': 3, 'max_negative': -5, 'kelas': 'negatif'}"
barang sesuai pesan,Positif,"{'classified_text': 'barang sesuai [3] pesan', 'tweet_text': ' barang sesuai pesan', 'sentence_score': ['barang sesuai [3] pesan'], 'max_positive': 3, 'max_negative': -1, 'kelas': 'positif'}"
kirim oke saran facial wash nya mungkin perlu tambah fragrance biar bau lebih enak soal bau kurang nyaman guna,Positif,"{'classified_text': 'kirim oke [3] saran facial wash nya mungkin perlu tambah fragrance biar bau [-5] lebih enak [5] soal bau [-2] kurang [-2] nyaman [2] guna', 'tweet_text': ' kirim oke saran facial wash nya mungkin perlu tambah fragrance biar bau lebih enak soal bau kurang nyaman guna', 'sentence_score': ['kirim oke [3] saran facial wash nya mungkin perlu tambah fragrance biar bau [-5] lebih enak [5] soal bau [-2] kurang [-2] nyaman [2] guna'], 'max_positive': 5, 'max_negative': -5, 'kelas': 'netral'}"
moga cocok soal dulu cocok banget pakai,Positif,"{'classified_text': 'moga cocok [3] soal dulu cocok [4] banget pakai', 'tweet_text': ' moga cocok soal dulu cocok banget pakai', 'sentence_score': ['moga cocok [3] soal dulu cocok [4] banget pakai'], 'max_positive': 4, 'max_negative': -1, 'kelas': 'positif'}"
kirim cepat mantap,Netral,"{'classified_text': 'kirim cepat [4] mantap [5]', 'tweet_text': ' kirim cepat mantap', 'sentence_score': ['kirim cepat [4] mantap [5]'], 'max_positive': 5, 'max_negative': -1, 'kelas': 'positif'}"
alhamdulillah barang emas barang thank you kurir sicepat team avoskin,Negatif,"{'classified_text': 'alhamdulillah barang emas [4] barang thank you kurir sicepat team avoskin', 'tweet_text': ' alhamdulillah barang emas barang thank you kurir sicepat team avoskin', 'sentence_score': ['alhamdulillah barang emas [4] barang thank you kurir sicepat team avoskin'], 'max_positive': 4, 'max_negative': -1, 'kelas': 'positif'}"
bahan gampang serap,Netral,"{'classified_text': 'bahan gampang serap', 'tweet_text': ' bahan gampang serap', 'sentence_score': ['bahan gampang serap'], 'max_positive': 1, 'max_negative': -1, 'kelas': 'netral'}"
bagus,Netral,"{'classified_text': 'bagus [4]', 'tweet_text': ' bagus', 'sentence_score': ['bagus [4]'], 'max_positive': 4, 'max_negative': -1, 'kelas': 'positif'}"
bagus,Netral,"{'classified_text': 'bagus [4]', 'tweet_text': ' bagus', 'sentence_score': ['bagus [4]'], 'max_positive': 4, 'max_negative': -1, 'kelas': 'positif'}"
oke,Negatif,"{'classified_text': 'oke [3]', 'tweet_text': ' oke', 'sentence_score': ['oke [3]'], 'max_positive': 3, 'max_negative': -1, 'kelas': 'positif'}"
gratis mini pouch terima kasih moga cocok,Netral,"{'classified_text': 'gratis mini pouch terima kasih [4] moga cocok [3]', 'tweet_text': ' gratis mini pouch terima kasih moga cocok', 'sentence_score': ['gratis mini pouch terima kasih [4] moga cocok [3]'], 'max_positive': 4, 'max_negative': -1, 'kelas': 'positif'}"
alhamdulillah barang moga cocok selau harga diskon yes,Negatif,"{'classified_text': 'alhamdulillah barang moga cocok [3] selau harga diskon yes', 'tweet_text': ' alhamdulillah barang moga cocok selau harga diskon yes', 'sentence_score': ['alhamdulillah barang moga cocok [3] selau harga diskon yes'], 'max_positive': 3, 'max_negative': -1, 'kelas': 'positif'}"
cocok sama produk,Positif,"{'classified_text': 'cocok [3] sama produk', 'tweet_text': ' cocok sama produk', 'sentence_score': ['cocok [3] sama produk'], 'max_positive': 3, 'max_negative': -1, 'kelas': 'positif'}"
kali kali beli toko official kali beli selalu amanah thanks,Positif,"{'classified_text': 'kali kali beli toko official kali beli selalu amanah thanks', 'tweet_text': ' kali kali beli toko official kali beli selalu amanah thanks', 'sentence_score': ['kali kali beli toko official kali beli selalu amanah thanks'], 'max_positive': 1, 'max_negative': -1, 'kelas': 'netral'}"
barang nya oke,Positif,"{'classified_text': 'barang nya oke [3]', 'tweet_text': ' barang nya oke', 'sentence_score': ['barang nya oke [3]'], 'max_positive': 3, 'max_negative': -1, 'kelas': 'positif'}"
repeat order,Netral,"{'classified_text': 'repeat order', 'tweet_text': ' repeat order', 'sentence_score': ['repeat order'], 'max_positive': 1, 'max_negative': -1, 'kelas': 'netral'}"
masalah kulit pori besar,Negatif,"{'classified_text': 'masalah [-4] kulit pori besar [3]', 'tweet_text': ' masalah kulit pori besar', 'sentence_score': ['masalah [-4] kulit pori besar [3]'], 'max_positive': 3, 'max_negative': -4, 'kelas': 'negatif'}"
beda nih pertama beli first time coba jatuh cinta banget waktu pilih shade strawberrypine sama raspberry muffin terus beli dua rasa formula beda banget lebih minyak short lasting masa iya habis minum air hilang lah coba rugi dong sudah aku pindah haluan byeee,Negatif,"{'classified_text': 'beda nih pertama beli first time coba jatuh [-3] cinta [6] banget waktu pilih shade strawberrypine sama raspberry muffin terus beli dua rasa formula beda banget lebih minyak short lasting masa iya habis minum air hilang [-3] lah coba rugi [-4] dong sudah aku pindah haluan bye', 'tweet_text': ' beda nih pertama beli first time coba jatuh cinta banget waktu pilih shade strawberrypine sama raspberry muffin terus beli dua rasa formula beda banget lebih minyak short lasting masa iya habis minum air hilang lah coba rugi dong sudah aku pindah haluan bye', 'sentence_score': ['beda nih pertama beli first time coba jatuh [-3] cinta [6] banget waktu pilih shade strawberrypine sama raspberry muffin terus beli dua rasa formula beda banget lebih minyak short lasting masa iya habis minum air hilang [-3] lah coba rugi [-4] dong sudah aku pindah haluan bye'], 'max_positive': 6, 'max_negative': -4, 'kelas': 'positif'}"
tipe kulit minyak tipe kulit sensitif masalah kulit jerawat masalah kulit pori besar overall worth,Netral,"{'classified_text': 'tipe kulit minyak tipe kulit sensitif [-2] masalah [-5] kulit jerawat masalah [-4] kulit pori besar [3] overall worth', 'tweet_text': ' tipe kulit minyak tipe kulit sensitif masalah kulit jerawat masalah kulit pori besar overall worth', 'sentence_score': ['tipe kulit minyak tipe kulit sensitif [-2] masalah [-5] kulit jerawat masalah [-4] kulit pori besar [3] overall worth'], 'max_positive': 3, 'max_negative': -5, 'kelas': 'negatif'}"
cepat kirim baik bubble warp,Netral,"{'classified_text': 'cepat [4] kirim baik [4] bubble warp', 'tweet_text': ' cepat kirim baik bubble warp', 'sentence_score': ['cepat [4] kirim baik [4] bubble warp'], 'max_positive': 4, 'max_negative': -1, 'kelas': 'positif'}"
tipe kulit sensitif masalah kulit jerawat masalah kulit pori besar,Netral,"{'classified_text': 'tipe kulit sensitif [-2] masalah [-5] kulit jerawat masalah [-4] kulit pori besar [3]', 'tweet_text': ' tipe kulit sensitif masalah kulit jerawat masalah kulit pori besar', 'sentence_score': ['tipe kulit sensitif [-2] masalah [-5] kulit jerawat masalah [-4] kulit pori besar [3]'], 'max_positive': 3, 'max_negative': -5, 'kelas': 'negatif'}"
harga ceban yay belum coba,Netral,"{'classified_text': 'harga ceban yay belum coba', 'tweet_text': ' harga ceban yay belum coba', 'sentence_score': ['harga ceban yay belum coba'], 'max_positive': 1, 'max_negative': -1, 'kelas': 'netral'}"
beli sekian kali cocok muka kalo pas jerawat kulit tetap bnafas,Netral,"{'classified_text': 'beli sekian kali cocok [4] muka kalo pas jerawat kulit tetap bnafas', 'tweet_text': ' beli sekian kali cocok muka kalo pas jerawat kulit tetap bnafas', 'sentence_score': ['beli sekian kali cocok [4] muka kalo pas jerawat kulit tetap bnafas'], 'max_positive': 4, 'max_negative': -1, 'kelas': 'positif'}"
nyata baru pertama kali moga cocok,Netral,"{'classified_text': 'nyata baru pertama kali moga cocok [3]', 'tweet_text': ' nyata baru pertama kali moga cocok', 'sentence_score': ['nyata baru pertama kali moga cocok [3]'], 'max_positive': 3, 'max_negative': -1, 'kelas': 'positif'}"
mudah cocok terima kasih,Positif,"{'classified_text': 'mudah [3] cocok [4] terima kasih [4]', 'tweet_text': ' mudah cocok terima kasih', 'sentence_score': ['mudah [3] cocok [4] terima kasih [4]'], 'max_positive': 4, 'max_negative': -1, 'kelas': 'positif'}"
sering beli selalu cocok,Netral,"{'classified_text': 'sering beli selalu cocok [3]', 'tweet_text': ' sering beli selalu cocok', 'sentence_score': ['sering beli selalu cocok [3]'], 'max_positive': 3, 'max_negative': -1, 'kelas': 'positif'}"
barang datang selamat lama datang,Netral,"{'classified_text': 'barang datang selamat [4] lama [-2] datang', 'tweet_text': ' barang datang selamat lama datang', 'sentence_score': ['barang datang selamat [4] lama [-2] datang'], 'max_positive': 4, 'max_negative': -2, 'kelas': 'positif'}"
packing nya bagus banget cream harga segitu tekstur ringan cepat resap kulit enggak bau sengat sama sekali moga cocok kulit aku kering bruntusan terima kasih,Positif,"{'classified_text': 'packing nya bagus [5] banget cream harga segitu tekstur ringan cepat [4] resap kulit enggak bau [-4] sengat sama sekali moga cocok [3] kulit aku kering bruntusan terima kasih [4]', 'tweet_text': ' packing nya bagus banget cream harga segitu tekstur ringan cepat resap kulit enggak bau sengat sama sekali moga cocok kulit aku kering bruntusan terima kasih', 'sentence_score': ['packing nya bagus [5] banget cream harga segitu tekstur ringan cepat [4] resap kulit enggak bau [-4] sengat sama sekali moga cocok [3] kulit aku kering bruntusan terima kasih [4]'], 'max_positive': 5, 'max_negative': -4, 'kelas': 'positif'}"
terima kasih,Netral,"{'classified_text': 'terima kasih [4]', 'tweet_text': ' terima kasih', 'sentence_score': ['terima kasih [4]'], 'max_positive': 4, 'max_negative': -1, 'kelas': 'positif'}"
bahan ringan mudah serap cocok kulit aku jerawat enggak bikin breakout the best pokok,Netral,"{'classified_text': 'bahan ringan mudah [3] serap cocok [3] kulit aku jerawat enggak bikin breakout the best pokok', 'tweet_text': ' bahan ringan mudah serap cocok kulit aku jerawat enggak bikin breakout the best pokok', 'sentence_score': ['bahan ringan mudah [3] serap cocok [3] kulit aku jerawat enggak bikin breakout the best pokok'], 'max_positive': 3, 'max_negative': -1, 'kelas': 'positif'}"
tipe kulit kombinasi masalah kulit jerawat,Netral,"{'classified_text': 'tipe kulit kombinasi masalah [-4] kulit jerawat', 'tweet_text': ' tipe kulit kombinasi masalah kulit jerawat', 'sentence_score': ['tipe kulit kombinasi masalah [-4] kulit jerawat'], 'max_positive': 1, 'max_negative': -4, 'kelas': 'negatif'}"
tipe kulit kombinasi,Netral,"{'classified_text': 'tipe kulit kombinasi', 'tweet_text': ' tipe kulit kombinasi', 'sentence_score': ['tipe kulit kombinasi'], 'max_positive': 1, 'max_negative': -1, 'kelas': 'netral'}"
tipe kulit minyak masalah kulit pori besar original terima kasih,Netral,"{'classified_text': 'tipe kulit minyak masalah [-4] kulit pori besar [3] original terima kasih [4]', 'tweet_text': ' tipe kulit minyak masalah kulit pori besar original terima kasih', 'sentence_score': ['tipe kulit minyak masalah [-4] kulit pori besar [3] original terima kasih [4]'], 'max_positive': 4, 'max_negative': -4, 'kelas': 'netral'}"
bahan ringan cocok guna,Positif,"{'classified_text': 'bahan ringan cocok [3] guna', 'tweet_text': ' bahan ringan cocok guna', 'sentence_score': ['bahan ringan cocok [3] guna'], 'max_positive': 3, 'max_negative': -1, 'kelas': 'positif'}"
tipe kulit minyak baru mau coba maka belum coba punya teman cocok,Netral,"{'classified_text': 'tipe kulit minyak baru mau coba maka belum coba punya teman cocok [3]', 'tweet_text': ' tipe kulit minyak baru mau coba maka belum coba punya teman cocok', 'sentence_score': ['tipe kulit minyak baru mau coba maka belum coba punya teman cocok [3]'], 'max_positive': 3, 'max_negative': -1, 'kelas': 'positif'}"
barang datang sesuai packing nya aman kirim cepat,Netral,"{'classified_text': 'barang datang sesuai [3] packing nya aman [4] kirim cepat [4]', 'tweet_text': ' barang datang sesuai packing nya aman kirim cepat', 'sentence_score': ['barang datang sesuai [3] packing nya aman [4] kirim cepat [4]'], 'max_positive': 4, 'max_negative': -1, 'kelas': 'positif'}"
asa cerah pakai cuman aku jadi bikin kering jadi mesti pakai pelembab muka,Netral,"{'classified_text': 'asa cerah [4] pakai cuman aku jadi bikin kering jadi mesti pakai pelembab muka', 'tweet_text': ' asa cerah pakai cuman aku jadi bikin kering jadi mesti pakai pelembab muka', 'sentence_score': ['asa cerah [4] pakai cuman aku jadi bikin kering jadi mesti pakai pelembab muka'], 'max_positive': 4, 'max_negative': -1, 'kelas': 'positif'}"
beberapa tahun pakai memang cocok enggak white cast nyaman ringan thanks seller tipe kulit kombinasi,Netral,"{'classified_text': 'beberapa tahun pakai memang cocok [3] enggak white cast nyaman [4] ringan thanks seller tipe kulit kombinasi', 'tweet_text': ' beberapa tahun pakai memang cocok enggak white cast nyaman ringan thanks seller tipe kulit kombinasi', 'sentence_score': ['beberapa tahun pakai memang cocok [3] enggak white cast nyaman [4] ringan thanks seller tipe kulit kombinasi'], 'max_positive': 4, 'max_negative': -1, 'kelas': 'positif'}"
warna cantik banget,Netral,"{'classified_text': 'warna cantik [6] banget', 'tweet_text': ' warna cantik banget', 'sentence_score': ['warna cantik [6] banget'], 'max_positive': 6, 'max_negative': -1, 'kelas': 'positif'}"
cocok tipe kulit kombinasi,Netral,"{'classified_text': 'cocok [3] tipe kulit kombinasi', 'tweet_text': ' cocok tipe kulit kombinasi', 'sentence_score': ['cocok [3] tipe kulit kombinasi'], 'max_positive': 3, 'max_negative': -1, 'kelas': 'positif'}"
jujur panik pas lihat dus penyok nyata isi aman meski pas buka dus kemas tutup botol moist nya kurang rapet untung isi aman enggak luber mana,Netral,"{'classified_text': 'jujur [4] panik [-3] pas lihat dus penyok [-4] nyata isi aman [4] meski pas buka dus kemas tutup botol moist nya kurang [-2] rapet untung isi aman [4] enggak luber mana [-4]', 'tweet_text': ' jujur panik pas lihat dus penyok nyata isi aman meski pas buka dus kemas tutup botol moist nya kurang rapet untung isi aman enggak luber mana', 'sentence_score': ['jujur [4] panik [-3] pas lihat dus penyok [-4] nyata isi aman [4] meski pas buka dus kemas tutup botol moist nya kurang [-2] rapet untung isi aman [4] enggak luber mana [-4]'], 'max_positive': 4, 'max_negative': -4, 'kelas': 'netral'}"
jujur panik pas lihat dus penyok nyata isi aman meski pas buka dus kemas tutup botol moist nya kurang rapet untung isi aman enggak luber mana baru sekali pakai produk oke banget pas pakai kulit cocok suka sama packing baru,Netral,"{'classified_text': 'jujur [4] panik [-3] pas lihat dus penyok [-4] nyata isi aman [4] meski pas buka dus kemas tutup botol moist nya kurang [-2] rapet untung isi aman [4] enggak luber mana [-4] baru sekali pakai produk oke [4] banget pas pakai kulit cocok [3] suka [5] sama packing baru', 'tweet_text': ' jujur panik pas lihat dus penyok nyata isi aman meski pas buka dus kemas tutup botol moist nya kurang rapet untung isi aman enggak luber mana baru sekali pakai produk oke banget pas pakai kulit cocok suka sama packing baru', 'sentence_score': ['jujur [4] panik [-3] pas lihat dus penyok [-4] nyata isi aman [4] meski pas buka dus kemas tutup botol moist nya kurang [-2] rapet untung isi aman [4] enggak luber mana [-4] baru sekali pakai produk oke [4] banget pas pakai kulit cocok [3] suka [5] sama packing baru'], 'max_positive': 5, 'max_negative': -4, 'kelas': 'positif'}"
cocok kulit minyak kemas lucu,Netral,"{'classified_text': 'cocok [3] kulit minyak kemas lucu [4]', 'tweet_text': ' cocok kulit minyak kemas lucu', 'sentence_score': ['cocok [3] kulit minyak kemas lucu [4]'], 'max_positive': 4, 'max_negative': -1, 'kelas': 'positif'}"
bahan ringan cepat resap terus packaging nya banget,Netral,"{'classified_text': 'bahan ringan cepat [4] resap terus packaging nya banget', 'tweet_text': ' bahan ringan cepat resap terus packaging nya banget', 'sentence_score': ['bahan ringan cepat [4] resap terus packaging nya banget'], 'max_positive': 4, 'max_negative': -1, 'kelas': 'positif'}"
terima kasih banyak paket selamat,Netral,"{'classified_text': 'terima kasih [4] banyak paket selamat [4]', 'tweet_text': ' terima kasih banyak paket selamat', 'sentence_score': ['terima kasih [4] banyak paket selamat [4]'], 'max_positive': 4, 'max_negative': -1, 'kelas': 'positif'}"
barang bagus sesuai packing mantap terima kasih,Netral,"{'classified_text': 'barang bagus [4] sesuai [4] packing mantap [4] terima kasih [4]', 'tweet_text': ' barang bagus sesuai packing mantap terima kasih', 'sentence_score': ['barang bagus [4] sesuai [4] packing mantap [4] terima kasih [4]'], 'max_positive': 4, 'max_negative': -1, 'kelas': 'positif'}"
enggak usah tanya memang bagus lembab bantu pulih skin barier jauh moisturizer enggak ganti,Netral,"{'classified_text': 'enggak usah tanya memang bagus [4] lembab bantu pulih skin barier jauh [-2] moisturizer enggak ganti', 'tweet_text': ' enggak usah tanya memang bagus lembab bantu pulih skin barier jauh moisturizer enggak ganti', 'sentence_score': ['enggak usah tanya memang bagus [4] lembab bantu pulih skin barier jauh [-2] moisturizer enggak ganti'], 'max_positive': 4, 'max_negative': -2, 'kelas': 'positif'}"
produk sangat bangus langsung serap buat lembab,Netral,"{'classified_text': 'produk sangat bangus langsung serap buat lembab', 'tweet_text': ' produk sangat bangus langsung serap buat lembab', 'sentence_score': ['produk sangat bangus langsung serap buat lembab'], 'max_positive': 1, 'max_negative': -1, 'kelas': 'netral'}"
repurchase kali produk simple efektif packaging simple aman,Netral,"{'classified_text': 'repurchase kali produk simple efektif packaging simple aman [4]', 'tweet_text': ' repurchase kali produk simple efektif packaging simple aman', 'sentence_score': ['repurchase kali produk simple efektif packaging simple aman [4]'], 'max_positive': 4, 'max_negative': -1, 'kelas': 'positif'}"
cocok kulit tekstur ringan sangat cepat serap kulit super recommended,Positif,"{'classified_text': 'cocok [3] kulit tekstur ringan sangat cepat [6] serap kulit super [4] recommended', 'tweet_text': ' cocok kulit tekstur ringan sangat cepat serap kulit super recommended', 'sentence_score': ['cocok [3] kulit tekstur ringan sangat cepat [6] serap kulit super [4] recommended'], 'max_positive': 6, 'max_negative': -1, 'kelas': 'positif'}"
baru pertama kali beli skin game mudah mudah cocok,Negatif,"{'classified_text': 'baru pertama kali beli skin game mudah [3] mudah [4] cocok [4]', 'tweet_text': ' baru pertama kali beli skin game mudah mudah cocok', 'sentence_score': ['baru pertama kali beli skin game mudah [3] mudah [4] cocok [4]'], 'max_positive': 4, 'max_negative': -1, 'kelas': 'positif'}"
akhir temu moisturizer cocok moistnya ringan cepat serap aku pakai tube tube pakai bulan lebih gantung pakai,Netral,"{'classified_text': 'akhir temu moisturizer cocok [3] moistnya ringan cepat [4] serap aku pakai tube tube pakai bulan lebih gantung pakai', 'tweet_text': ' akhir temu moisturizer cocok moistnya ringan cepat serap aku pakai tube tube pakai bulan lebih gantung pakai', 'sentence_score': ['akhir temu moisturizer cocok [3] moistnya ringan cepat [4] serap aku pakai tube tube pakai bulan lebih gantung pakai'], 'max_positive': 4, 'max_negative': -1, 'kelas': 'positif'}"
bagus moga cocok,Netral,"{'classified_text': 'bagus [4] moga cocok [3]', 'tweet_text': ' bagus moga cocok', 'sentence_score': ['bagus [4] moga cocok [3]'], 'max_positive': 4, 'max_negative': -1, 'kelas': 'positif'}"
baru mau coba moga cocok,Positif,"{'classified_text': 'baru mau coba moga cocok [3]', 'tweet_text': ' baru mau coba moga cocok', 'sentence_score': ['baru mau coba moga cocok [3]'], 'max_positive': 3, 'max_negative': -1, 'kelas': 'positif'}"
produk orisinal aman kakak adminnya ramah banget bakal repurchase deh kayak,Positif,"{'classified_text': 'produk orisinal aman [4] kakak adminnya ramah [5] banget bakal repurchase deh kayak', 'tweet_text': ' produk orisinal aman kakak adminnya ramah banget bakal repurchase deh kayak', 'sentence_score': ['produk orisinal aman [4] kakak adminnya ramah [5] banget bakal repurchase deh kayak'], 'max_positive': 5, 'max_negative': -1, 'kelas': 'positif'}"
kirim emas cepat banget aman produk sesuai pernah coba lumayan bikin jerawat cepat mateng thankyou,Netral,"{'classified_text': 'kirim emas [4] cepat [6] banget aman [5] produk sesuai [3] pernah coba lumayan [2] bikin jerawat cepat [4] mateng thankyou', 'tweet_text': ' kirim emas cepat banget aman produk sesuai pernah coba lumayan bikin jerawat cepat mateng thankyou', 'sentence_score': ['kirim emas [4] cepat [6] banget aman [5] produk sesuai [3] pernah coba lumayan [2] bikin jerawat cepat [4] mateng thankyou'], 'max_positive': 6, 'max_negative': -1, 'kelas': 'positif'}"
bau aneh apek bau besi tempat pernah pakai sabun tanpa bau enggak pernah jadi kurang nyaman pakai sekarang,Netral,"{'classified_text': 'bau [-4] aneh [-2] apek bau [-4] besi tempat pernah pakai sabun tanpa bau [4] enggak pernah jadi kurang [-2] nyaman [2] pakai sekarang', 'tweet_text': ' bau aneh apek bau besi tempat pernah pakai sabun tanpa bau enggak pernah jadi kurang nyaman pakai sekarang', 'sentence_score': ['bau [-4] aneh [-2] apek bau [-4] besi tempat pernah pakai sabun tanpa bau [4] enggak pernah jadi kurang [-2] nyaman [2] pakai sekarang'], 'max_positive': 4, 'max_negative': -4, 'kelas': 'netral'}"
dulu selalu jadi langgan solusi kalau jerawat bulan betul breakout tidak pikir lama langsung checkout holy grail love you rebu,Netral,"{'classified_text': 'dulu selalu jadi langgan solusi kalau jerawat bulan betul [4] breakout tidak pikir lama [-2] langsung checkout holy grail love you rebu', 'tweet_text': ' dulu selalu jadi langgan solusi kalau jerawat bulan betul breakout tidak pikir lama langsung checkout holy grail love you rebu', 'sentence_score': ['dulu selalu jadi langgan solusi kalau jerawat bulan betul [4] breakout tidak pikir lama [-2] langsung checkout holy grail love you rebu'], 'max_positive': 4, 'max_negative': -2, 'kelas': 'positif'}"
barang selamat packagingnya aman moga cocok,Positif,"{'classified_text': 'barang selamat [4] packagingnya aman [4] moga cocok [3]', 'tweet_text': ' barang selamat packagingnya aman moga cocok', 'sentence_score': ['barang selamat [4] packagingnya aman [4] moga cocok [3]'], 'max_positive': 4, 'max_negative': -1, 'kelas': 'positif'}"
warna nya kuning entah apa,Netral,"{'classified_text': 'warna nya kuning entah apa', 'tweet_text': ' warna nya kuning entah apa', 'sentence_score': ['warna nya kuning entah apa'], 'max_positive': 1, 'max_negative': -1, 'kelas': 'netral'}"
baru pertama kali coba moga cocok thank you seller,Positif,"{'classified_text': 'baru pertama kali coba moga cocok [3] thank you seller', 'tweet_text': ' baru pertama kali coba moga cocok thank you seller', 'sentence_score': ['baru pertama kali coba moga cocok [3] thank you seller'], 'max_positive': 3, 'max_negative': -1, 'kelas': 'positif'}"
barang selamat,Negatif,"{'classified_text': 'barang selamat [4]', 'tweet_text': ' barang selamat', 'sentence_score': ['barang selamat [4]'], 'max_positive': 4, 'max_negative': -1, 'kelas': 'positif'}"
packing rapi aman barang sesuai pesan,Netral,"{'classified_text': 'packing rapi [4] aman [5] barang sesuai [3] pesan', 'tweet_text': ' packing rapi aman barang sesuai pesan', 'sentence_score': ['packing rapi [4] aman [5] barang sesuai [3] pesan'], 'max_positive': 5, 'max_negative': -1, 'kelas': 'positif'}"
this moisturizer is seriously game changer love how one bottle could last me months,Netral,"{'classified_text': 'this moisturizer is seriously game changer love how one bottle could last me months', 'tweet_text': ' this moisturizer is seriously game changer love how one bottle could last me months', 'sentence_score': ['this moisturizer is seriously game changer love how one bottle could last me months'], 'max_positive': 1, 'max_negative': -1, 'kelas': 'netral'}"
baru coba pertama kali moga cocok reviewnya bagus,Netral,"{'classified_text': 'baru coba pertama kali moga cocok [3] reviewnya bagus [4]', 'tweet_text': ' baru coba pertama kali moga cocok reviewnya bagus', 'sentence_score': ['baru coba pertama kali moga cocok [3] reviewnya bagus [4]'], 'max_positive': 4, 'max_negative': -1, 'kelas': 'positif'}"
mantap sesuai moga cocok,Netral,"{'classified_text': 'mantap [4] sesuai [4] moga cocok [3]', 'tweet_text': ' mantap sesuai moga cocok', 'sentence_score': ['mantap [4] sesuai [4] moga cocok [3]'], 'max_positive': 4, 'max_negative': -1, 'kelas': 'positif'}"
tadi mau beli diofflinestore mahal banget pas cek dionline store nya cuma potong sama flashsale langsung beli,Positif,"{'classified_text': 'tadi mau beli diofflinestore mahal [-4] banget pas cek dionline store nya cuma [-2] potong [-1] sama flashsale langsung beli', 'tweet_text': ' tadi mau beli diofflinestore mahal banget pas cek dionline store nya cuma potong sama flashsale langsung beli', 'sentence_score': ['tadi mau beli diofflinestore mahal [-4] banget pas cek dionline store nya cuma [-2] potong [-1] sama flashsale langsung beli'], 'max_positive': 1, 'max_negative': -4, 'kelas': 'negatif'}"
terima kasih,Positif,"{'classified_text': 'terima kasih [4]', 'tweet_text': ' terima kasih', 'sentence_score': ['terima kasih [4]'], 'max_positive': 4, 'max_negative': -1, 'kelas': 'positif'}"
terima kasih,Netral,"{'classified_text': 'terima kasih [4]', 'tweet_text': ' terima kasih', 'sentence_score': ['terima kasih [4]'], 'max_positive': 4, 'max_negative': -1, 'kelas': 'positif'}"
terima kasih tumben enggak gift nya,Netral,"{'classified_text': 'terima kasih [4] tumben enggak gift nya', 'tweet_text': ' terima kasih tumben enggak gift nya', 'sentence_score': ['terima kasih [4] tumben enggak gift nya'], 'max_positive': 4, 'max_negative': -1, 'kelas': 'positif'}"
tipe kulit minyak masalah kulit jerawat moga cocok sama rangkai terima kasih,Netral,"{'classified_text': 'tipe kulit minyak masalah [-4] kulit jerawat moga cocok [3] sama rangkai terima kasih [4]', 'tweet_text': ' tipe kulit minyak masalah kulit jerawat moga cocok sama rangkai terima kasih', 'sentence_score': ['tipe kulit minyak masalah [-4] kulit jerawat moga cocok [3] sama rangkai terima kasih [4]'], 'max_positive': 4, 'max_negative': -4, 'kelas': 'netral'}"
minggu pakai muka jadi bruntusan enggak tau memang efek samping pakai memang enggak cocok,Netral,"{'classified_text': 'minggu pakai muka jadi bruntusan enggak tau memang efek samping pakai memang enggak cocok [3]', 'tweet_text': ' minggu pakai muka jadi bruntusan enggak tau memang efek samping pakai memang enggak cocok', 'sentence_score': ['minggu pakai muka jadi bruntusan enggak tau memang efek samping pakai memang enggak cocok [3]'], 'max_positive': 3, 'max_negative': -1, 'kelas': 'positif'}"
bagus,Positif,"{'classified_text': 'bagus [4]', 'tweet_text': ' bagus', 'sentence_score': ['bagus [4]'], 'max_positive': 4, 'max_negative': -1, 'kelas': 'positif'}"
kirim cukup cepat barang kirim sesuai pesan expired datenya,Positif,"{'classified_text': 'kirim cukup [3] cepat [5] barang kirim sesuai [3] pesan expired datenya', 'tweet_text': ' kirim cukup cepat barang kirim sesuai pesan expired datenya', 'sentence_score': ['kirim cukup [3] cepat [5] barang kirim sesuai [3] pesan expired datenya'], 'max_positive': 5, 'max_negative': -1, 'kelas': 'positif'}"
cocok kulit enggak kering tarik kirim cepat mantap,Positif,"{'classified_text': 'cocok [3] kulit enggak kering tarik kirim cepat [4] mantap [5]', 'tweet_text': ' cocok kulit enggak kering tarik kirim cepat mantap', 'sentence_score': ['cocok [3] kulit enggak kering tarik kirim cepat [4] mantap [5]'], 'max_positive': 5, 'max_negative': -1, 'kelas': 'positif'}"
lipstik mudah patah saran kalau pakai jangan ulur terlalu panjang,Positif,"{'classified_text': 'lipstik mudah [3] patah saran kalau pakai jangan ulur terlalu panjang [3]', 'tweet_text': ' lipstik mudah patah saran kalau pakai jangan ulur terlalu panjang', 'sentence_score': ['lipstik mudah [3] patah saran kalau pakai jangan ulur terlalu panjang [3]'], 'max_positive': 3, 'max_negative': -1, 'kelas': 'positif'}"
barang lengkap packing aman rapi belum coba productnya moga cocok tipe kulit normal,Positif,"{'classified_text': 'barang lengkap packing aman [4] rapi [5] belum coba productnya moga cocok [3] tipe kulit normal [-1]', 'tweet_text': ' barang lengkap packing aman rapi belum coba productnya moga cocok tipe kulit normal', 'sentence_score': ['barang lengkap packing aman [4] rapi [5] belum coba productnya moga cocok [3] tipe kulit normal [-1]'], 'max_positive': 5, 'max_negative': -1, 'kelas': 'positif'}"
baca review nya bagus mudah cocok terima kasih bonus pas banget pas butuh,Positif,"{'classified_text': 'baca review nya bagus [4] mudah [4] cocok [4] terima kasih [4] bonus [4] pas banget pas butuh', 'tweet_text': ' baca review nya bagus mudah cocok terima kasih bonus pas banget pas butuh', 'sentence_score': ['baca review nya bagus [4] mudah [4] cocok [4] terima kasih [4] bonus [4] pas banget pas butuh'], 'max_positive': 4, 'max_negative': -1, 'kelas': 'positif'}"
cocok kulit pakai jerawat biji pipi radang malam kasih besok mending kempes,Netral,"{'classified_text': 'cocok [3] kulit pakai jerawat biji pipi radang [-3] malam kasih besok mending kempes', 'tweet_text': ' cocok kulit pakai jerawat biji pipi radang malam kasih besok mending kempes', 'sentence_score': ['cocok [3] kulit pakai jerawat biji pipi radang [-3] malam kasih besok mending kempes'], 'max_positive': 3, 'max_negative': -3, 'kelas': 'netral'}"
benar bagus aku jatuh bikin bibir kering walaupun pakai lipstick pakai lipbalm warna pigmented banget merah queennya bagus banget,Netral,"{'classified_text': 'benar [4] bagus [5] aku jatuh [-3] bikin bibir kering walaupun pakai lipstick pakai lipbalm warna pigmented banget merah queennya bagus [5] banget', 'tweet_text': ' benar bagus aku jatuh bikin bibir kering walaupun pakai lipstick pakai lipbalm warna pigmented banget merah queennya bagus banget', 'sentence_score': ['benar [4] bagus [5] aku jatuh [-3] bikin bibir kering walaupun pakai lipstick pakai lipbalm warna pigmented banget merah queennya bagus [5] banget'], 'max_positive': 5, 'max_negative': -3, 'kelas': 'positif'}"
exp date lama kirim cepat diskon lumayan thanks somethinc,Positif,"{'classified_text': 'exp date lama [-2] kirim cepat [4] diskon lumayan [2] thanks somethinc', 'tweet_text': ' exp date lama kirim cepat diskon lumayan thanks somethinc', 'sentence_score': ['exp date lama [-2] kirim cepat [4] diskon lumayan [2] thanks somethinc'], 'max_positive': 4, 'max_negative': -2, 'kelas': 'positif'}"
moga cocok kulit sensitif banyak teman rekomen coba jadi langsung aku checkout,Positif,"{'classified_text': 'moga cocok [3] kulit sensitif [-2] banyak teman rekomen coba jadi langsung aku checkout', 'tweet_text': ' moga cocok kulit sensitif banyak teman rekomen coba jadi langsung aku checkout', 'sentence_score': ['moga cocok [3] kulit sensitif [-2] banyak teman rekomen coba jadi langsung aku checkout'], 'max_positive': 3, 'max_negative': -2, 'kelas': 'positif'}"
belum coba moga cocok,Netral,"{'classified_text': 'belum coba moga cocok [3]', 'tweet_text': ' belum coba moga cocok', 'sentence_score': ['belum coba moga cocok [3]'], 'max_positive': 3, 'max_negative': -1, 'kelas': 'positif'}"
sesuai deskripsi,Positif,"{'classified_text': 'sesuai [3] deskripsi', 'tweet_text': ' sesuai deskripsi', 'sentence_score': ['sesuai [3] deskripsi'], 'max_positive': 3, 'max_negative': -1, 'kelas': 'positif'}"
paket aman moga cocok,Positif,"{'classified_text': 'paket aman [4] moga cocok [3]', 'tweet_text': ' paket aman moga cocok', 'sentence_score': ['paket aman [4] moga cocok [3]'], 'max_positive': 4, 'max_negative': -1, 'kelas': 'positif'}"
tipe kulit minyak tipe kulit kering tipe kulit normal tipe kulit kombinasi tipe kulit sensitif masalah kulit jerawat,Netral,"{'classified_text': 'tipe kulit minyak tipe kulit kering tipe kulit normal [-1] tipe kulit kombinasi tipe kulit sensitif [-2] masalah [-5] kulit jerawat', 'tweet_text': ' tipe kulit minyak tipe kulit kering tipe kulit normal tipe kulit kombinasi tipe kulit sensitif masalah kulit jerawat', 'sentence_score': ['tipe kulit minyak tipe kulit kering tipe kulit normal [-1] tipe kulit kombinasi tipe kulit sensitif [-2] masalah [-5] kulit jerawat'], 'max_positive': 1, 'max_negative': -5, 'kelas': 'negatif'}"
kirim cepat packing bagus,Positif,"{'classified_text': 'kirim cepat [4] packing bagus [4]', 'tweet_text': ' kirim cepat packing bagus', 'sentence_score': ['kirim cepat [4] packing bagus [4]'], 'max_positive': 4, 'max_negative': -1, 'kelas': 'positif'}"
sesuai deskripsi,Positif,"{'classified_text': 'sesuai [3] deskripsi', 'tweet_text': ' sesuai deskripsi', 'sentence_score': ['sesuai [3] deskripsi'], 'max_positive': 3, 'max_negative': -1, 'kelas': 'positif'}"
ingredients nya bikin penasaran jadi pengin coba jauh selalu repurchase produk avo selalu cocok aaaa,Positif,"{'classified_text': 'ingredients nya bikin penasaran jadi pengin coba jauh [-2] selalu repurchase produk avo selalu cocok [3] a [2]', 'tweet_text': ' ingredients nya bikin penasaran jadi pengin coba jauh selalu repurchase produk avo selalu cocok a', 'sentence_score': ['ingredients nya bikin penasaran jadi pengin coba jauh [-2] selalu repurchase produk avo selalu cocok [3] a [2]'], 'max_positive': 3, 'max_negative': -2, 'kelas': 'positif'}"
kirim lama banget ganti kurir,Negatif,"{'classified_text': 'kirim lama [-3] banget ganti kurir', 'tweet_text': ' kirim lama banget ganti kurir', 'sentence_score': ['kirim lama [-3] banget ganti kurir'], 'max_positive': 1, 'max_negative': -3, 'kelas': 'negatif'}"
emas oke moga cocok,Positif,"{'classified_text': 'emas [4] oke [4] moga cocok [3]', 'tweet_text': ' emas oke moga cocok', 'sentence_score': ['emas [4] oke [4] moga cocok [3]'], 'max_positive': 4, 'max_negative': -1, 'kelas': 'positif'}"
moga cocok,Netral,"{'classified_text': 'moga cocok [3]', 'tweet_text': ' moga cocok', 'sentence_score': ['moga cocok [3]'], 'max_positive': 3, 'max_negative': -1, 'kelas': 'positif'}"
bintang pertama dikirimin expired beli harga normal beli chat tanya beda harga normal sale sale expired normal expired walaupun akhir return ganti expired proses return nya ribet banget utama pihak expedisi sicepat tidak segera pick up hari maksud kalau awal teliti enggak perlu buang waktu urus return nya moga depan makin teliti packing aman bagus admin responsive thank you,Negatif,"{'classified_text': 'bintang pertama dikirimin expired beli harga normal [-1] beli chat tanya beda harga normal [-1] sale sale expired normal [-1] expired walaupun akhir return ganti expired proses return nya ribet banget utama pihak expedisi sicepat tidak segera pick up hari maksud kalau awal teliti enggak perlu buang [-3] waktu urus return nya moga depan makin teliti packing aman [4] bagus [5] admin responsive thank you', 'tweet_text': ' bintang pertama dikirimin expired beli harga normal beli chat tanya beda harga normal sale sale expired normal expired walaupun akhir return ganti expired proses return nya ribet banget utama pihak expedisi sicepat tidak segera pick up hari maksud kalau awal teliti enggak perlu buang waktu urus return nya moga depan makin teliti packing aman bagus admin responsive thank you', 'sentence_score': ['bintang pertama dikirimin expired beli harga normal [-1] beli chat tanya beda harga normal [-1] sale sale expired normal [-1] expired walaupun akhir return ganti expired proses return nya ribet banget utama pihak expedisi sicepat tidak segera pick up hari maksud kalau awal teliti enggak perlu buang [-3] waktu urus return nya moga depan makin teliti packing aman [4] bagus [5] admin responsive thank you'], 'max_positive': 5, 'max_negative': -3, 'kelas': 'positif'}"
packing aman expired lama,Positif,"{'classified_text': 'packing aman [4] expired lama [-2]', 'tweet_text': ' packing aman expired lama', 'sentence_score': ['packing aman [4] expired lama [-2]'], 'max_positive': 4, 'max_negative': -2, 'kelas': 'positif'}"
huhu serum nya datang cepat banget kirim beli harga diskon baru pertama pakai moga cocok muka ku tipe kulit normal,Positif,"{'classified_text': 'huhu serum nya datang cepat [5] banget kirim beli harga diskon baru pertama pakai moga cocok [3] muka ku tipe kulit normal [-1]', 'tweet_text': ' huhu serum nya datang cepat banget kirim beli harga diskon baru pertama pakai moga cocok muka ku tipe kulit normal', 'sentence_score': ['huhu serum nya datang cepat [5] banget kirim beli harga diskon baru pertama pakai moga cocok [3] muka ku tipe kulit normal [-1]'], 'max_positive': 5, 'max_negative': -1, 'kelas': 'positif'}"
tipe kulit sensitif,Netral,"{'classified_text': 'tipe kulit sensitif [-2]', 'tweet_text': ' tipe kulit sensitif', 'sentence_score': ['tipe kulit sensitif [-2]'], 'max_positive': 1, 'max_negative': -2, 'kelas': 'negatif'}"
paket lempar sama kurir jelas jelas tulis fragile dus,Negatif,"{'classified_text': 'paket lempar sama kurir jelas [4] jelas [5] tulis fragile dus', 'tweet_text': ' paket lempar sama kurir jelas jelas tulis fragile dus', 'sentence_score': ['paket lempar sama kurir jelas [4] jelas [5] tulis fragile dus'], 'max_positive': 5, 'max_negative': -1, 'kelas': 'positif'}"
barang baru pertama kali coba moga cocok,Netral,"{'classified_text': 'barang baru pertama kali coba moga cocok [3]', 'tweet_text': ' barang baru pertama kali coba moga cocok', 'sentence_score': ['barang baru pertama kali coba moga cocok [3]'], 'max_positive': 3, 'max_negative': -1, 'kelas': 'positif'}"
serum baik buat baik skin barier rusak pakai serum sejak hasil jerawat enggak pernah muncul kulit jadi enggak pernah rewel please jangan enggak produksi serum jadi pakai kulit aku,Positif,"{'classified_text': 'serum baik [4] buat baik [4] skin barier rusak [-4] pakai serum sejak hasil jerawat enggak pernah muncul kulit jadi enggak pernah rewel [-2] please jangan enggak produksi serum jadi pakai kulit aku', 'tweet_text': ' serum baik buat baik skin barier rusak pakai serum sejak hasil jerawat enggak pernah muncul kulit jadi enggak pernah rewel please jangan enggak produksi serum jadi pakai kulit aku', 'sentence_score': ['serum baik [4] buat baik [4] skin barier rusak [-4] pakai serum sejak hasil jerawat enggak pernah muncul kulit jadi enggak pernah rewel [-2] please jangan enggak produksi serum jadi pakai kulit aku'], 'max_positive': 4, 'max_negative': -4, 'kelas': 'netral'}"
cari alternatif ingredients samar bekas jerawat aku enggak cocok sama vit niacin alpha arbutin,Netral,"{'classified_text': 'cari alternatif ingredients samar [-2] bekas [-5] jerawat aku enggak cocok [3] sama vit niacin alpha arbutin', 'tweet_text': ' cari alternatif ingredients samar bekas jerawat aku enggak cocok sama vit niacin alpha arbutin', 'sentence_score': ['cari alternatif ingredients samar [-2] bekas [-5] jerawat aku enggak cocok [3] sama vit niacin alpha arbutin'], 'max_positive': 3, 'max_negative': -5, 'kelas': 'negatif'}"
dulu pernah pakai ngefek banget kulit bikin jadi lembab enggak beruntus dibarengin sama refining tonernya,Positif,"{'classified_text': 'dulu pernah pakai ngefek banget kulit bikin jadi lembab enggak beruntus dibarengin sama refining tonernya', 'tweet_text': ' dulu pernah pakai ngefek banget kulit bikin jadi lembab enggak beruntus dibarengin sama refining tonernya', 'sentence_score': ['dulu pernah pakai ngefek banget kulit bikin jadi lembab enggak beruntus dibarengin sama refining tonernya'], 'max_positive': 1, 'max_negative': -1, 'kelas': 'netral'}"
pesan tanggal kirim tanggal padahal tanggal bawa terbang kecewa kali dapat layan kurang senang padahal produk bagus jadi guna tetap avoskin,Negatif,"{'classified_text': 'pesan tanggal kirim tanggal padahal tanggal bawa terbang kecewa [-4] kali dapat layan kurang [-2] senang [2] padahal produk bagus [4] jadi guna tetap avoskin', 'tweet_text': ' pesan tanggal kirim tanggal padahal tanggal bawa terbang kecewa kali dapat layan kurang senang padahal produk bagus jadi guna tetap avoskin', 'sentence_score': ['pesan tanggal kirim tanggal padahal tanggal bawa terbang kecewa [-4] kali dapat layan kurang [-2] senang [2] padahal produk bagus [4] jadi guna tetap avoskin'], 'max_positive': 4, 'max_negative': -4, 'kelas': 'netral'}"
bagus sih produk cocok cuma sedikit kecewa packagingnya kurang aman enggak bublewrapnya padahal jalan jauh sidoarjo jakarta,Negatif,"{'classified_text': 'bagus [4] sih produk cocok [3] cuma sedikit kecewa [-1] packagingnya kurang [-2] aman [2] enggak bublewrapnya padahal jalan jauh [-2] sidoarjo jakarta', 'tweet_text': ' bagus sih produk cocok cuma sedikit kecewa packagingnya kurang aman enggak bublewrapnya padahal jalan jauh sidoarjo jakarta', 'sentence_score': ['bagus [4] sih produk cocok [3] cuma sedikit kecewa [-1] packagingnya kurang [-2] aman [2] enggak bublewrapnya padahal jalan jauh [-2] sidoarjo jakarta'], 'max_positive': 4, 'max_negative': -2, 'kelas': 'positif'}"
kirim pakai sicepat sangat lambat gudang tanggal baru antar rumah tanggal sayang banget enggak sesuai nama,Negatif,"{'classified_text': 'kirim pakai sicepat sangat lambat [-5] gudang tanggal baru antar rumah tanggal sayang [5] banget enggak sesuai [3] nama', 'tweet_text': ' kirim pakai sicepat sangat lambat gudang tanggal baru antar rumah tanggal sayang banget enggak sesuai nama', 'sentence_score': ['kirim pakai sicepat sangat lambat [-5] gudang tanggal baru antar rumah tanggal sayang [5] banget enggak sesuai [3] nama'], 'max_positive': 5, 'max_negative': -5, 'kelas': 'netral'}"
paket terima ada baik,Positif,"{'classified_text': 'paket terima ada baik [4]', 'tweet_text': ' paket terima ada baik', 'sentence_score': ['paket terima ada baik [4]'], 'max_positive': 4, 'max_negative': -1, 'kelas': 'positif'}"
baru pertama pakai moga cocok min tipe kulit minyak tipe kulit kombinasi,Netral,"{'classified_text': 'baru pertama pakai moga cocok [3] min tipe kulit minyak tipe kulit kombinasi', 'tweet_text': ' baru pertama pakai moga cocok min tipe kulit minyak tipe kulit kombinasi', 'sentence_score': ['baru pertama pakai moga cocok [3] min tipe kulit minyak tipe kulit kombinasi'], 'max_positive': 3, 'max_negative': -1, 'kelas': 'positif'}"
fast respon,Positif,"{'classified_text': 'fast respon', 'tweet_text': ' fast respon', 'sentence_score': ['fast respon'], 'max_positive': 1, 'max_negative': -1, 'kelas': 'netral'}"
nice,Positif,"{'classified_text': 'nice', 'tweet_text': ' nice', 'sentence_score': ['nice'], 'max_positive': 1, 'max_negative': -1, 'kelas': 'netral'}"
worth the price pcs harga cashback,Netral,"{'classified_text': 'worth the price pcs harga cashback', 'tweet_text': ' worth the price pcs harga cashback', 'sentence_score': ['worth the price pcs harga cashback'], 'max_positive': 1, 'max_negative': -1, 'kelas': 'netral'}"
thanks,Positif,"{'classified_text': 'thanks', 'tweet_text': ' thanks', 'sentence_score': ['thanks'], 'max_positive': 1, 'max_negative': -1, 'kelas': 'netral'}"
kecewa sama emas kardus peyok dalem enggak bubble wrap biasa bubble wrap nya untung paket aman,Negatif,"{'classified_text': 'kecewa [-3] sama emas [4] kardus peyok dalem enggak bubble wrap biasa [-2] bubble wrap nya untung paket aman [4]', 'tweet_text': ' kecewa sama emas kardus peyok dalem enggak bubble wrap biasa bubble wrap nya untung paket aman', 'sentence_score': ['kecewa [-3] sama emas [4] kardus peyok dalem enggak bubble wrap biasa [-2] bubble wrap nya untung paket aman [4]'], 'max_positive': 4, 'max_negative': -3, 'kelas': 'positif'}"
packing aman banget moga cocok,Positif,"{'classified_text': 'packing aman [5] banget moga cocok [3]', 'tweet_text': ' packing aman banget moga cocok', 'sentence_score': ['packing aman [5] banget moga cocok [3]'], 'max_positive': 5, 'max_negative': -1, 'kelas': 'positif'}"
alhamdulillah aku cocok pakai azarine kulit wajah ku perlahan atas azarine thanks azarine,Positif,"{'classified_text': 'alhamdulillah aku cocok [3] pakai azarine kulit wajah ku perlahan atas azarine thanks azarine', 'tweet_text': ' alhamdulillah aku cocok pakai azarine kulit wajah ku perlahan atas azarine thanks azarine', 'sentence_score': ['alhamdulillah aku cocok [3] pakai azarine kulit wajah ku perlahan atas azarine thanks azarine'], 'max_positive': 3, 'max_negative': -1, 'kelas': 'positif'}"
repurchased indak bikin kusam affordable,Netral,"{'classified_text': 'repurchased indak bikin kusam [-3] affordable', 'tweet_text': ' repurchased indak bikin kusam affordable', 'sentence_score': ['repurchased indak bikin kusam [-3] affordable'], 'max_positive': 1, 'max_negative': -3, 'kelas': 'negatif'}"
isi dikit banget bingung ira enggak isi,Negatif,"{'classified_text': 'isi dikit banget bingung [-4] ira enggak isi', 'tweet_text': ' isi dikit banget bingung ira enggak isi', 'sentence_score': ['isi dikit banget bingung [-4] ira enggak isi'], 'max_positive': 1, 'max_negative': -4, 'kelas': 'negatif'}"
ringan kulit warna pas,Netral,"{'classified_text': 'ringan kulit warna pas', 'tweet_text': ' ringan kulit warna pas', 'sentence_score': ['ringan kulit warna pas'], 'max_positive': 1, 'max_negative': -1, 'kelas': 'netral'}"
cepat ringan sesuai nama tinted sunscreen buat tutup merah aku belum coba shade nina malah jadi kusam kuning akhir coba shade butter pas,Netral,"{'classified_text': 'cepat [4] ringan sesuai [3] nama tinted sunscreen buat tutup merah aku belum coba shade nina malah jadi kusam [-3] kuning akhir coba shade butter pas', 'tweet_text': ' cepat ringan sesuai nama tinted sunscreen buat tutup merah aku belum coba shade nina malah jadi kusam kuning akhir coba shade butter pas', 'sentence_score': ['cepat [4] ringan sesuai [3] nama tinted sunscreen buat tutup merah aku belum coba shade nina malah jadi kusam [-3] kuning akhir coba shade butter pas'], 'max_positive': 4, 'max_negative': -3, 'kelas': 'positif'}"
cepat tekstur creamy smugeproof loh warna kurang pigment,Negatif,"{'classified_text': 'cepat [4] tekstur creamy smugeproof loh warna kurang [-2] pigment', 'tweet_text': ' cepat tekstur creamy smugeproof loh warna kurang pigment', 'sentence_score': ['cepat [4] tekstur creamy smugeproof loh warna kurang [-2] pigment'], 'max_positive': 4, 'max_negative': -2, 'kelas': 'positif'}"
tekstur ringan mudah serap kulit spf nya jadi kalo pakai daily walaupun enggak full coverage tutup warna tidak rata muka bakal repurchase,Negatif,"{'classified_text': 'tekstur ringan mudah [3] serap kulit spf nya jadi kalo pakai daily walaupun enggak full coverage tutup warna tidak rata muka bakal repurchase', 'tweet_text': ' tekstur ringan mudah serap kulit spf nya jadi kalo pakai daily walaupun enggak full coverage tutup warna tidak rata muka bakal repurchase', 'sentence_score': ['tekstur ringan mudah [3] serap kulit spf nya jadi kalo pakai daily walaupun enggak full coverage tutup warna tidak rata muka bakal repurchase'], 'max_positive': 3, 'max_negative': -1, 'kelas': 'positif'}"
kirim cepat packing oke thanks,Netral,"{'classified_text': 'kirim cepat [4] packing oke [3] thanks', 'tweet_text': ' kirim cepat packing oke thanks', 'sentence_score': ['kirim cepat [4] packing oke [3] thanks'], 'max_positive': 4, 'max_negative': -1, 'kelas': 'positif'}"
suka sama warna next order warna,Netral,"{'classified_text': 'suka [4] sama warna next order warna', 'tweet_text': ' suka sama warna next order warna', 'sentence_score': ['suka [4] sama warna next order warna'], 'max_positive': 4, 'max_negative': -1, 'kelas': 'positif'}"
tipe kulit minyak alhamdulillah cocok thanks,Netral,"{'classified_text': 'tipe kulit minyak alhamdulillah cocok [3] thanks', 'tweet_text': ' tipe kulit minyak alhamdulillah cocok thanks', 'sentence_score': ['tipe kulit minyak alhamdulillah cocok [3] thanks'], 'max_positive': 3, 'max_negative': -1, 'kelas': 'positif'}"
beli serum pas harga flash sale lumayan banget diskon packing oke kirim lumayan cepat produk belum coba jadi belum kasih nilai,Positif,"{'classified_text': 'beli serum pas harga flash sale lumayan [3] banget diskon packing oke [3] kirim lumayan [2] cepat [5] produk belum coba jadi belum kasih nilai [3]', 'tweet_text': ' beli serum pas harga flash sale lumayan banget diskon packing oke kirim lumayan cepat produk belum coba jadi belum kasih nilai', 'sentence_score': ['beli serum pas harga flash sale lumayan [3] banget diskon packing oke [3] kirim lumayan [2] cepat [5] produk belum coba jadi belum kasih nilai [3]'], 'max_positive': 5, 'max_negative': -1, 'kelas': 'positif'}"
jujur buat aku enggak cocok aku gapaham skincare cenderung asal beli cuma seperti works deh kalo memang cocok tipe kulit feel muka pakai lengket aku jadi enggak tidur miring terus bukan tipe skincare kalo kena angin adem muka cuma yaudah salah,Negatif,"{'classified_text': 'jujur [4] buat aku enggak cocok [3] aku gapaham skincare cenderung asal beli cuma [-2] seperti [1] works deh kalo memang cocok [3] tipe kulit feel muka pakai lengket aku jadi enggak tidur miring [-1] terus bukan tipe skincare kalo kena angin adem muka cuma [-2] yaudah salah [-4]', 'tweet_text': ' jujur buat aku enggak cocok aku gapaham skincare cenderung asal beli cuma seperti works deh kalo memang cocok tipe kulit feel muka pakai lengket aku jadi enggak tidur miring terus bukan tipe skincare kalo kena angin adem muka cuma yaudah salah', 'sentence_score': ['jujur [4] buat aku enggak cocok [3] aku gapaham skincare cenderung asal beli cuma [-2] seperti [1] works deh kalo memang cocok [3] tipe kulit feel muka pakai lengket aku jadi enggak tidur miring [-1] terus bukan tipe skincare kalo kena angin adem muka cuma [-2] yaudah salah [-4]'], 'max_positive': 4, 'max_negative': -4, 'kelas': 'netral'}"
hasil akhir bagus kayak kulit bersih sehat,Negatif,"{'classified_text': 'hasil akhir bagus [4] kayak kulit bersih [5] sehat [5]', 'tweet_text': ' hasil akhir bagus kayak kulit bersih sehat', 'sentence_score': ['hasil akhir bagus [4] kayak kulit bersih [5] sehat [5]'], 'max_positive': 5, 'max_negative': -1, 'kelas': 'positif'}"
