,Review,Sentimen,Review_norm,review_tokens
0,kecewa banget saya pesan yang free pouch tapi dikirimnya cotton pad kaget pas unboxing untung di videokan segera kabarin customer servicenya dan disuruh isi googleform untuk dikirimkan ulang pouchnya setelah hari nggak ada kabar akhirnya saya tanya lagi dan hanya dikabari kalau stock pouch ternyata sudah habis padahal baik baik dan sabar ikutin prosedur dari customer service karena masih berpikiran positif ternyata begini caranya ya,Negatif,kecewa banget saya pesan yang free pouch tapi dikirimnya cotton pad kaget pas unboxing untung di videokan segera kabarin customer servicenya dan disuruh isi googleform untuk dikirimkan ulang pouchnya setelah hari enggak ada kabar akhirnya saya tanya lagi dan hanya dikabari kalau stock pouch ternyata sudah habis padahal baik baik dan sabar mengikuti prosedur dari customer service karena masih berpikiran positif ternyata begini caranya ya,"['kecewa', 'banget', 'saya', 'pesan', 'yang', 'free', 'pouch', 'tapi', 'dikirimnya', 'cotton', 'pad', 'kaget', 'pas', 'unboxing', 'untung', 'di', 'videokan', 'segera', 'kabarin', 'customer', 'servicenya', 'dan', 'disuruh', 'isi', 'googleform', 'untuk', 'dikirimkan', 'ulang', 'pouchnya', 'setelah', 'hari', 'enggak', 'ada', 'kabar', 'akhirnya', 'saya', 'tanya', 'lagi', 'dan', 'hanya', 'dikabari', 'kalau', 'stock', 'pouch', 'ternyata', 'sudah', 'habis', 'padahal', 'baik', 'baik', 'dan', 'sabar', 'mengikuti', 'prosedur', 'dari', 'customer', 'service', 'karena', 'masih', 'berpikiran', 'positif', 'ternyata', 'begini', 'caranya', 'ya']"
1,kali ini pengemasan tidak safe sepertinya tutup botol tidak kencang sehingga toner merembes keluar sampai dus basah saya memang tidak membuat video unboxing karna saya selalu mendapat produk dan packaging yg bagus dari avoskin saya kira dus basah karna hujan pas dibuka ternyata botol sudah kosong semoga mendapat tanggapan dari avoskin,Negatif,kali ini pengemasan tidak safe sepertinya tutup botol tidak kencang sehingga toner merembes keluar sampai dus basah saya memang tidak membuat video unboxing karena saya selalu mendapat produk dan packaging yang bagus dari avoskin saya kira dus basah karena hujan pas dibuka ternyata botol sudah kosong semoga mendapat tanggapan dari avoskin,"['kali', 'ini', 'pengemasan', 'tidak', 'safe', 'sepertinya', 'tutup', 'botol', 'tidak', 'kencang', 'sehingga', 'toner', 'merembes', 'keluar', 'sampai', 'dus', 'basah', 'saya', 'memang', 'tidak', 'membuat', 'video', 'unboxing', 'karena', 'saya', 'selalu', 'mendapat', 'produk', 'dan', 'packaging', 'yang', 'bagus', 'dari', 'avoskin', 'saya', 'kira', 'dus', 'basah', 'karena', 'hujan', 'pas', 'dibuka', 'ternyata', 'botol', 'sudah', 'kosong', 'semoga', 'mendapat', 'tanggapan', 'dari', 'avoskin']"
2,paket datangnya barang sudah pecah dan sy return ke seller sudah ikuti komplain proses dan lain sebagainya tapi malah akhirnya tiba seakan akan pesanan selesai sy terima barang dan uangnya dilepas ke seller sy kecewa sekali dan jd agak trauma untuk beli barang ksini chat seller untuk nanyain brg ud diterima tp dijawab formalitas saja baru kali ini sy belanja brg tidak diterima tp uang tidak kembali mungkin uangnya ga seberapa cuman krn responsnya yg mengecewakan mohon improvement untuk selanjutnya thx,Negatif,paket datangnya barang sudah pecah dan saya return ke seller sudah ikuti komplain proses dan lain sebagainya tapi malah akhirnya tiba seakan akan pesanan selesai saya terima barang dan uangnya dilepas ke seller saya kecewa sekali dan jadi agak trauma untuk beli barang kesini chat seller untuk nanyain barang sudah diterima tapi dijawab formalitas saja baru kali ini saya belanja barang tidak diterima tapi uang tidak kembali mungkin uangnya enggak seberapa cuman karena responsnya yang mengecewakan mohon improvement untuk selanjutnya thanks,"['paket', 'datangnya', 'barang', 'sudah', 'pecah', 'dan', 'saya', 'return', 'ke', 'seller', 'sudah', 'ikuti', 'komplain', 'proses', 'dan', 'lain', 'sebagainya', 'tapi', 'malah', 'akhirnya', 'tiba', 'seakan', 'akan', 'pesanan', 'selesai', 'saya', 'terima', 'barang', 'dan', 'uangnya', 'dilepas', 'ke', 'seller', 'saya', 'kecewa', 'sekali', 'dan', 'jadi', 'agak', 'trauma', 'untuk', 'beli', 'barang', 'kesini', 'chat', 'seller', 'untuk', 'nanyain', 'barang', 'sudah', 'diterima', 'tapi', 'dijawab', 'formalitas', 'saja', 'baru', 'kali', 'ini', 'saya', 'belanja', 'barang', 'tidak', 'diterima', 'tapi', 'uang', 'tidak', 'kembali', 'mungkin', 'uangnya', 'enggak', 'seberapa', 'cuman', 'karena', 'responsnya', 'yang', 'mengecewakan', 'mohon', 'improvement', 'untuk', 'selanjutnya', 'thanks']"
3,ga ada sabun nya ga sesuai deskripsi,Negatif,enggak ada sabun nya enggak sesuai deskripsi,"['enggak', 'ada', 'sabun', 'nya', 'enggak', 'sesuai', 'deskripsi']"
4,ga sesuai harapan,Negatif,enggak sesuai harapan,"['enggak', 'sesuai', 'harapan']"
5,bagus bgt buat kulit oily menghikangkan bruntusan dan mengecilkan pori,Positif,bagus banget buat kulit oily menghilangkan bruntusan dan mengecilkan pori,"['bagus', 'banget', 'buat', 'kulit', 'oily', 'menghilangkan', 'bruntusan', 'dan', 'mengecilkan', 'pori']"
6,gak perlu diragukan lagi sih ini produk worth to buy pengiriman cepat packagingnya yg super aman thx seller,Positif,enggak perlu diragukan lagi sih ini produk worth tapi buy pengiriman cepat packagingnya yang super aman thanks seller,"['enggak', 'perlu', 'diragukan', 'lagi', 'sih', 'ini', 'produk', 'worth', 'tapi', 'buy', 'pengiriman', 'cepat', 'packagingnya', 'yang', 'super', 'aman', 'thanks', 'seller']"
7,barang diterima dg baik dan expired la,Positif,barang diterima dengan baik dan expired lah,"['barang', 'diterima', 'dengan', 'baik', 'dan', 'expired', 'lah']"
8,bru nyoba,Netral,baru mencoba,"['baru', 'mencoba']"
9,mudah mudahan cocok karena reviewnya bagus,Netral,mudah mudahan cocok karena reviewnya bagus,"['mudah', 'mudahan', 'cocok', 'karena', 'reviewnya', 'bagus']"
10,mantap,Positif,mantap,['mantap']
11,bismillah smga cocok,Positif,bismillah semoga cocok,"['bismillah', 'semoga', 'cocok']"
12,kecewa banget pokoknya,Negatif,kecewa banget pokoknya,"['kecewa', 'banget', 'pokoknya']"
13,kecewaaaaa pengiriman lama wajah jadi breakout gatau harus gimana lagi ga ngerti,Negatif,kecewa pengiriman lama wajah jadi breakout enggak tau harus bagaimana lagi enggak mengerti,"['kecewa', 'pengiriman', 'lama', 'wajah', 'jadi', 'breakout', 'enggak', 'tau', 'harus', 'bagaimana', 'lagi', 'enggak', 'mengerti']"
14,ok smoga cocok,Positif,ok semoga cocok,"['ok', 'semoga', 'cocok']"
15,ok blom dcobain,Netral,ok belum dicoba,"['ok', 'belum', 'dicoba']"
16,udah langganan karna cocok pakai serum ini thanks seller,Positif,sudah langganan karena cocok pakai serum ini thanks seller,"['sudah', 'langganan', 'karena', 'cocok', 'pakai', 'serum', 'ini', 'thanks', 'seller']"
17,serumnya bener bener cair banget ini pemakaian selama hari tapi belum berasa bangt efeknya,Netral,serumnya benar benar cair banget ini pemakaian selama hari tapi belum berasa banget efeknya,"['serumnya', 'benar', 'benar', 'cair', 'banget', 'ini', 'pemakaian', 'selama', 'hari', 'tapi', 'belum', 'berasa', 'banget', 'efeknya']"
18,mantab pake banget tp perjalanan pengiriman lam bgt,Netral,mantap pakai banget tapi perjalanan pengiriman lama banget,"['mantap', 'pakai', 'banget', 'tapi', 'perjalanan', 'pengiriman', 'lama', 'banget']"
19,belum dicoba ngabisin dlu yg laen next bakal review klo ada hasilnya,Netral,belum dicoba ngabisin dulu yang lain next bakal review kalo ada hasilnya,"['belum', 'dicoba', 'ngabisin', 'dulu', 'yang', 'lain', 'next', 'bakal', 'review', 'kalo', 'ada', 'hasilnya']"
20,cocok bngt buat oily skin kyk aku,Positif,cocok banget buat oily skin kayak aku,"['cocok', 'banget', 'buat', 'oily', 'skin', 'kayak', 'aku']"
21,baru sekali pake udh kerasa halus dimuka,Positif,baru sekali pakai sudah kerasa halus dimuka,"['baru', 'sekali', 'pakai', 'sudah', 'kerasa', 'halus', 'dimuka']"
22,barangnya gapernah sampe dari tanggal karna ilang kesalahan anteraja jadi gatau harus review apa,Netral,barangnya enggak pernah sampai dari tanggal karena hilang kesalahan anteraja jadi enggak tau harus review apa,"['barangnya', 'enggak', 'pernah', 'sampai', 'dari', 'tanggal', 'karena', 'hilang', 'kesalahan', 'anteraja', 'jadi', 'enggak', 'tau', 'harus', 'review', 'apa']"
23,beli ini beserta skin care yg lain nya tapitidak pernah menerima sheet mask ini complaint lama banget dan ujung ujung nya tidak bisa ditindak lanjuti kecewa banget,Negatif,beli ini beserta skin care yang lain nya tapitidak pernah menerima sheet mask ini complaint lama banget dan ujung ujung nya tidak bisa ditindak lanjuti kecewa banget,"['beli', 'ini', 'beserta', 'skin', 'care', 'yang', 'lain', 'nya', 'tapitidak', 'pernah', 'menerima', 'sheet', 'mask', 'ini', 'complaint', 'lama', 'banget', 'dan', 'ujung', 'ujung', 'nya', 'tidak', 'bisa', 'ditindak', 'lanjuti', 'kecewa', 'banget']"
24,harusnya dpt free sesuai jam ordernya udah buru cekout biar ga habis pesenan  yg dtg cuma produk nya free nya ga dapat asli kecewa dan baru ngalamin yg ginian,Negatif,harusnya dapat free sesuai jam ordernya sudah buru cekout biar enggak habis pesanan  yang datang cuma produk nya free nya enggak dapat asli kecewa dan baru ngalamin yang beginian,"['harusnya', 'dapat', 'free', 'sesuai', 'jam', 'ordernya', 'sudah', 'buru', 'cekout', 'biar', 'enggak', 'habis', 'pesanan', 'yang', 'datang', 'cuma', 'produk', 'nya', 'free', 'nya', 'enggak', 'dapat', 'asli', 'kecewa', 'dan', 'baru', 'ngalamin', 'yang', 'beginian']"
25,melembabkan banget teksturnya kental tp cepet banget nyerepnya,Netral,melembabkan banget teksturnya kental tapi cepat banget nyerepnya,"['melembabkan', 'banget', 'teksturnya', 'kental', 'tapi', 'cepat', 'banget', 'nyerepnya']"
26,packaging nya jelek banget ini sih kyk nya ad oknum yg mau ngambil barangnya kardusnya di buka di bagian samping yg ga di segel tolong next nya packing lbh baik lagi,Negatif,packaging nya jelek banget ini sih kayak nya ada oknum yang mau ngambil barangnya kardusnya di buka di bagian samping yang enggak di segel tolong next nya packing lebih baik lagi,"['packaging', 'nya', 'jelek', 'banget', 'ini', 'sih', 'kayak', 'nya', 'ada', 'oknum', 'yang', 'mau', 'ngambil', 'barangnya', 'kardusnya', 'di', 'buka', 'di', 'bagian', 'samping', 'yang', 'enggak', 'di', 'segel', 'tolong', 'next', 'nya', 'packing', 'lebih', 'baik', 'lagi']"
27,tertipu tidak ada gratis hadiah sarung seperti di gambar,Negatif,tertipu tidak ada gratis hadiah sarung seperti di gambar,"['tertipu', 'tidak', 'ada', 'gratis', 'hadiah', 'sarung', 'seperti', 'di', 'gambar']"
28,dijanjikan expired th tapi dapetnya bulan,Negatif,dijanjikan expired tahu tapi dapetnya bulan,"['dijanjikan', 'expired', 'tahu', 'tapi', 'dapetnya', 'bulan']"
29,pesen masker yang dikirim my bad ga di video unboxing nya tapi kecewa banget bisa lalai bgt team packing nya please kerja yg fokus dan bener biar customer ga dirugikan begini ga semua orang sempet bikin video unboxing begitu so sorry kasih bintang karna beneran kecewa buat customer yang lain kalo baca ini please be more careful ya kalo pesen disini sesibuk apapun sempetin video unboxing,Negatif,pesan masker yang dikirim my bad enggak di video unboxing nya tapi kecewa banget bisa lalai banget team packing nya please kerja yang fokus dan benar biar customer enggak dirugikan begini enggak semua orang sempat bikin video unboxing begitu so sorry kasih bintang karena benaran kecewa buat customer yang lain kalo baca ini please be more careful ya kalo pesan disini sesibuk apapun sempetin video unboxing,"['pesan', 'masker', 'yang', 'dikirim', 'my', 'bad', 'enggak', 'di', 'video', 'unboxing', 'nya', 'tapi', 'kecewa', 'banget', 'bisa', 'lalai', 'banget', 'team', 'packing', 'nya', 'please', 'kerja', 'yang', 'fokus', 'dan', 'benar', 'biar', 'customer', 'enggak', 'dirugikan', 'begini', 'enggak', 'semua', 'orang', 'sempat', 'bikin', 'video', 'unboxing', 'begitu', 'so', 'sorry', 'kasih', 'bintang', 'karena', 'benaran', 'kecewa', 'buat', 'customer', 'yang', 'lain', 'kalo', 'baca', 'ini', 'please', 'be', 'more', 'careful', 'ya', 'kalo', 'pesan', 'disini', 'sesibuk', 'apapun', 'sempetin', 'video', 'unboxing']"
30,bahan ringan smg cocok,Positif,bahan ringan semoga cocok,"['bahan', 'ringan', 'semoga', 'cocok']"
31,tipe kulitku berminyak,Netral,tipe kulitku berminyak,"['tipe', 'kulitku', 'berminyak']"
32,ringan bgt dibibir lup lup dh bwt azarine,Netral,ringan banget dibibir lup lup dah buat azarine,"['ringan', 'banget', 'dibibir', 'lup', 'lup', 'dah', 'buat', 'azarine']"
33,no review found,Netral,no review found,"['no', 'review', 'found']"
34,kali ini paket white series yg dtng cmn harusnya udh komplain tpi ngga direspon samsek pantes didalam paket ada kertas cara ngajuin komplain trnyata emng ga beres isinya,Negatif,kali ini paket white series yang datang cuman harusnya sudah komplain tapi enggak direspon sama sekali pantas didalam paket ada kertas cara mengajukan komplain ternyata memang enggak beres isinya,"['kali', 'ini', 'paket', 'white', 'series', 'yang', 'datang', 'cuman', 'harusnya', 'sudah', 'komplain', 'tapi', 'enggak', 'direspon', 'sama', 'sekali', 'pantas', 'didalam', 'paket', 'ada', 'kertas', 'cara', 'mengajukan', 'komplain', 'ternyata', 'memang', 'enggak', 'beres', 'isinya']"
35,tidak sampai barang nya,Negatif,tidak sampai barang nya,"['tidak', 'sampai', 'barang', 'nya']"
36,bikin bruntusan yg geleuh muka jadi keliatan dan kerasa kotor bgt ewh udh pake sunscreen dan toner yg soft light gitu no deh bener kata org ini buat kulit sensitif dan kering jangan pake akhirnya buat tangan dan area tubuh yg gelap aja deh,Negatif,bikin bruntusan yang geleuh muka jadi kelihatan dan kerasa kotor banget ewh sudah pakai sunscreen dan toner yang soft light begitu no deh benar kata orang ini buat kulit sensitif dan kering jangan pakai akhirnya buat tangan dan area tubuh yang gelap saja deh,"['bikin', 'bruntusan', 'yang', 'geleuh', 'muka', 'jadi', 'kelihatan', 'dan', 'kerasa', 'kotor', 'banget', 'ewh', 'sudah', 'pakai', 'sunscreen', 'dan', 'toner', 'yang', 'soft', 'light', 'begitu', 'no', 'deh', 'benar', 'kata', 'orang', 'ini', 'buat', 'kulit', 'sensitif', 'dan', 'kering', 'jangan', 'pakai', 'akhirnya', 'buat', 'tangan', 'dan', 'area', 'tubuh', 'yang', 'gelap', 'saja', 'deh']"
37,serumnya ga dikirim,Negatif,serumnya enggak dikirim,"['serumnya', 'enggak', 'dikirim']"
38,baru pertama coba dan udah dipake beberapa hari sunscreennya bagus banget cocok buat acne face kuu ga lengket sama sekali,Positif,baru pertama coba dan sudah dipakai beberapa hari sunscreennya bagus banget cocok buat acne face ku enggak lengket sama sekali,"['baru', 'pertama', 'coba', 'dan', 'sudah', 'dipakai', 'beberapa', 'hari', 'sunscreennya', 'bagus', 'banget', 'cocok', 'buat', 'acne', 'face', 'ku', 'enggak', 'lengket', 'sama', 'sekali']"
39,love banget makasih azarine tadinya beli karena dapet pc tapi ternyata emang bagus banget velvety lippie cream nyaa dan walau ga cocok warm tone ini bagus banget di akuu,Positif,love banget terima kasih azarine tadinya beli karena dapat pc tapi ternyata memang bagus banget velvety lippie cream nya dan walau enggak cocok warm tone ini bagus banget di aku,"['love', 'banget', 'terima', 'kasih', 'azarine', 'tadinya', 'beli', 'karena', 'dapat', 'pc', 'tapi', 'ternyata', 'memang', 'bagus', 'banget', 'velvety', 'lippie', 'cream', 'nya', 'dan', 'walau', 'enggak', 'cocok', 'warm', 'tone', 'ini', 'bagus', 'banget', 'di', 'aku']"
40,pertama kali coba elum tau si,Netral,pertama kali coba belum tau sih,"['pertama', 'kali', 'coba', 'belum', 'tau', 'sih']"
41,realpict sukses selalu seller,Positif,realpict sukses selalu seller,"['realpict', 'sukses', 'selalu', 'seller']"
42,smuaa ok cuma ky nya kulitku yg ga cocok sm sunscreennya ngerasa lengket bgt makenya so sorry,Netral,semua ok cuma kaya nya kulitku yang enggak cocok sama sunscreennya merasa lengket banget makenya so sorry,"['semua', 'ok', 'cuma', 'kaya', 'nya', 'kulitku', 'yang', 'enggak', 'cocok', 'sama', 'sunscreennya', 'merasa', 'lengket', 'banget', 'makenya', 'so', 'sorry']"
43,baru pertama coba semoga cocok pengemasan cepat dan aman pengiriman cepat,Positif,baru pertama coba semoga cocok pengemasan cepat dan aman pengiriman cepat,"['baru', 'pertama', 'coba', 'semoga', 'cocok', 'pengemasan', 'cepat', 'dan', 'aman', 'pengiriman', 'cepat']"
44,saya pesen dua paket twin pack dan lg yg ini harusanya saya terima produk tp saya hanya terima saya tidak sempat melakukan video unboxing jd td bisa klaim mohon untuk setelahnya lbh berhati dan memperhatikan produk yg akan dikirim apa sudah sesuai dgn pesanan atau blm,Negatif,saya pesan dua paket twin pack dan lagi yang ini harusanya saya terima produk tapi saya hanya terima saya tidak sempat melakukan video unboxing jadi tadi bisa klaim mohon untuk setelahnya lebih berhati dan memperhatikan produk yang akan dikirim apa sudah sesuai dengan pesanan atau belum,"['saya', 'pesan', 'dua', 'paket', 'twin', 'pack', 'dan', 'lagi', 'yang', 'ini', 'harusanya', 'saya', 'terima', 'produk', 'tapi', 'saya', 'hanya', 'terima', 'saya', 'tidak', 'sempat', 'melakukan', 'video', 'unboxing', 'jadi', 'tadi', 'bisa', 'klaim', 'mohon', 'untuk', 'setelahnya', 'lebih', 'berhati', 'dan', 'memperhatikan', 'produk', 'yang', 'akan', 'dikirim', 'apa', 'sudah', 'sesuai', 'dengan', 'pesanan', 'atau', 'belum']"
45,pelayanan admin nya jelek,Negatif,pelayanan admin nya jelek,"['pelayanan', 'admin', 'nya', 'jelek']"
46,agak kesel ya aku udah nunggu barangnya dan yang dateng salah dong produknya mana di bungkusnya sesuai sama produk yang aku pesen alhasil aku buka tanpa di video tolong banget kalau semisal packing di cek dulu jangan salah kirim kaya gini selain rugi di harga aku juga jadi kehilangan kepercayaan sama ini toko mana lama juga mana ini fotonya ga bisa dilampirkan pula ada tulisan ada gangguan di rumah toped gatau deh serah di cek aja di data gudang seharusnya data pembelian dan produk yang ada di gudang jumlahnya beda,Negatif,agak kesel ya aku sudah menunggu barangnya dan yang datang salah dong produknya mana di bungkusnya sesuai sama produk yang aku pesan alhasil aku buka tanpa di video tolong banget kalau semisal packing di cek dulu jangan salah kirim kayak begini selain rugi di harga aku juga jadi kehilangan kepercayaan sama ini toko mana lama juga mana ini fotonya enggak bisa dilampirkan pula ada tulisan ada gangguan di rumah toped enggak tau deh serah di cek saja di data gudang seharusnya data pembelian dan produk yang ada di gudang jumlahnya beda,"['agak', 'kesel', 'ya', 'aku', 'sudah', 'menunggu', 'barangnya', 'dan', 'yang', 'datang', 'salah', 'dong', 'produknya', 'mana', 'di', 'bungkusnya', 'sesuai', 'sama', 'produk', 'yang', 'aku', 'pesan', 'alhasil', 'aku', 'buka', 'tanpa', 'di', 'video', 'tolong', 'banget', 'kalau', 'semisal', 'packing', 'di', 'cek', 'dulu', 'jangan', 'salah', 'kirim', 'kayak', 'begini', 'selain', 'rugi', 'di', 'harga', 'aku', 'juga', 'jadi', 'kehilangan', 'kepercayaan', 'sama', 'ini', 'toko', 'mana', 'lama', 'juga', 'mana', 'ini', 'fotonya', 'enggak', 'bisa', 'dilampirkan', 'pula', 'ada', 'tulisan', 'ada', 'gangguan', 'di', 'rumah', 'toped', 'enggak', 'tau', 'deh', 'serah', 'di', 'cek', 'saja', 'di', 'data', 'gudang', 'seharusnya', 'data', 'pembelian', 'dan', 'produk', 'yang', 'ada', 'di', 'gudang', 'jumlahnya', 'beda']"
47,barang yang dikirim cuman harusnya karena saya beli twin pack,Negatif,barang yang dikirim cuman harusnya karena saya beli twin pack,"['barang', 'yang', 'dikirim', 'cuman', 'harusnya', 'karena', 'saya', 'beli', 'twin', 'pack']"
48,saya sudah pake harian di wajah saya jadi berminyak merah dan jadi beruntusan,Negatif,saya sudah pakai harian di wajah saya jadi berminyak merah dan jadi beruntusan,"['saya', 'sudah', 'pakai', 'harian', 'di', 'wajah', 'saya', 'jadi', 'berminyak', 'merah', 'dan', 'jadi', 'beruntusan']"
49,sesuai deskripsi,Positif,sesuai deskripsi,"['sesuai', 'deskripsi']"
50,tipe kulitku berminyak masalah kulitku jerawat masalah kulitku pori besar,Netral,tipe kulitku berminyak masalah kulitku jerawat masalah kulitku pori besar,"['tipe', 'kulitku', 'berminyak', 'masalah', 'kulitku', 'jerawat', 'masalah', 'kulitku', 'pori', 'besar']"
51,agak kecewa sm pengemasannya kardusnya peyok dalemnya gak ada bubble wrap biasanya ada bubble wrap nya untung paketnya aman,Negatif,agak kecewa sama pengemasannya kardusnya peyok dalemnya enggak ada bubble wrap biasanya ada bubble wrap nya untung paketnya aman,"['agak', 'kecewa', 'sama', 'pengemasannya', 'kardusnya', 'peyok', 'dalemnya', 'enggak', 'ada', 'bubble', 'wrap', 'biasanya', 'ada', 'bubble', 'wrap', 'nya', 'untung', 'paketnya', 'aman']"
52,tipe kulitku kering,Netral,tipe kulitku kering,"['tipe', 'kulitku', 'kering']"
53,ini pertama kalinya saya tidak menerima barang pesanan saya secara lengkap sayangnya saya tidak melakukan video unboxing,Negatif,ini pertama kalinya saya tidak menerima barang pesanan saya secara lengkap sayangnya saya tidak melakukan video unboxing,"['ini', 'pertama', 'kalinya', 'saya', 'tidak', 'menerima', 'barang', 'pesanan', 'saya', 'secara', 'lengkap', 'sayangnya', 'saya', 'tidak', 'melakukan', 'video', 'unboxing']"
54,beli tgl mei chat admin katanya tgl bisa dikirim tp sampai sudah mau batal otomatis baru dikirim sampe di rmh tgl malem pdhal mau dibawa ke luar kota tgl mei krn melihat status ga dikirim akhirnya beli sama reseller di jakarta kecewa baru pertama kali pesan di official store tp pelayanan buruk dan pengiriman lama barang yg dikirim sesuai hanya tdk ada box atau bubble wrap kalo yg butuh cepat tolong pertimbangkan utk beli di official store,Negatif,beli tanggal mei chat admin katanya tanggal bisa dikirim tapi sampai sudah mau batal otomatis baru dikirim sampai di rumah tanggal malam padahal mau dibawa ke luar kota tanggal mei karena melihat status enggak dikirim akhirnya beli sama reseller di jakarta kecewa baru pertama kali pesan di official store tapi pelayanan buruk dan pengiriman lama barang yang dikirim sesuai hanya tidak ada box atau bubble wrap kalo yang butuh cepat tolong pertimbangkan untuk beli di official store,"['beli', 'tanggal', 'mei', 'chat', 'admin', 'katanya', 'tanggal', 'bisa', 'dikirim', 'tapi', 'sampai', 'sudah', 'mau', 'batal', 'otomatis', 'baru', 'dikirim', 'sampai', 'di', 'rumah', 'tanggal', 'malam', 'padahal', 'mau', 'dibawa', 'ke', 'luar', 'kota', 'tanggal', 'mei', 'karena', 'melihat', 'status', 'enggak', 'dikirim', 'akhirnya', 'beli', 'sama', 'reseller', 'di', 'jakarta', 'kecewa', 'baru', 'pertama', 'kali', 'pesan', 'di', 'official', 'store', 'tapi', 'pelayanan', 'buruk', 'dan', 'pengiriman', 'lama', 'barang', 'yang', 'dikirim', 'sesuai', 'hanya', 'tidak', 'ada', 'box', 'atau', 'bubble', 'wrap', 'kalo', 'yang', 'butuh', 'cepat', 'tolong', 'pertimbangkan', 'untuk', 'beli', 'di', 'official', 'store']"
55,udahlah prosesnya lama bgt yg dikirim gk lengkap juga bilang dong kalo brgnya kosong gk bisa kasih review krn saya gak terima barang ini,Negatif,sudahlah prosesnya lama banget yang dikirim enggak lengkap juga bilang dong kalo brgnya kosong enggak bisa kasih review karena saya enggak terima barang ini,"['sudahlah', 'prosesnya', 'lama', 'banget', 'yang', 'dikirim', 'enggak', 'lengkap', 'juga', 'bilang', 'dong', 'kalo', 'brgnya', 'kosong', 'enggak', 'bisa', 'kasih', 'review', 'karena', 'saya', 'enggak', 'terima', 'barang', 'ini']"
56,saya kira membeli dari toko official bisa dapat pengemasan lebih baik saya terima kondisi kotak kemasan prpduk terbuka dan saya tanya chat penjual tdk direspond dg cepat tidak ada isi yg tumpah cm berharap kotak kemasan dr azarine bs lebih baik lg saya bs krm video unboxing,Negatif,saya kira membeli dari toko official bisa dapat pengemasan lebih baik saya terima kondisi kotak kemasan prpduk terbuka dan saya tanya chat penjual tidak direspond dengan cepat tidak ada isi yang tumpah cuma berharap kotak kemasan dari azarine bisa lebih baik lagi saya bisa kirim video unboxing,"['saya', 'kira', 'membeli', 'dari', 'toko', 'official', 'bisa', 'dapat', 'pengemasan', 'lebih', 'baik', 'saya', 'terima', 'kondisi', 'kotak', 'kemasan', 'prpduk', 'terbuka', 'dan', 'saya', 'tanya', 'chat', 'penjual', 'tidak', 'direspond', 'dengan', 'cepat', 'tidak', 'ada', 'isi', 'yang', 'tumpah', 'cuma', 'berharap', 'kotak', 'kemasan', 'dari', 'azarine', 'bisa', 'lebih', 'baik', 'lagi', 'saya', 'bisa', 'kirim', 'video', 'unboxing']"
57,tiap belanja pasti salah klo ga kurang barangnya ya salah barangnya ikhlasin aja semoga berkah kalo produknya cocok pelayanan nya aja kurang atau butuh karyawan,Negatif,tiap belanja pasti salah kalo enggak kurang barangnya ya salah barangnya ikhlasin saja semoga berkah kalo produknya cocok pelayanan nya saja kurang atau butuh karyawan,"['tiap', 'belanja', 'pasti', 'salah', 'kalo', 'enggak', 'kurang', 'barangnya', 'ya', 'salah', 'barangnya', 'ikhlasin', 'saja', 'semoga', 'berkah', 'kalo', 'produknya', 'cocok', 'pelayanan', 'nya', 'saja', 'kurang', 'atau', 'butuh', 'karyawan']"
58,pelayanannya jelek bgt,Negatif,pelayanannya jelek banget,"['pelayanannya', 'jelek', 'banget']"
59,exp panjang thx,Negatif,exp panjang thanks,"['exp', 'panjang', 'thanks']"
60,dapet tekstur sudah keras dan menggumpal,Negatif,dapat tekstur sudah keras dan menggumpal,"['dapat', 'tekstur', 'sudah', 'keras', 'dan', 'menggumpal']"
61,diterima dalam keaadan bocor seperti bekas lubang paku jd isinya tumpah jadi aku lem biar isinya gak tumpah baru pertama belanja disini malah kecewa padahal official store malas aja mau complain ntar lama lagi prosesnya,Negatif,diterima dalam keaadan bocor seperti bekas lubang paku jadi isinya tumpah jadi aku lem biar isinya enggak tumpah baru pertama belanja disini malah kecewa padahal official store malas saja mau complain entar lama lagi prosesnya,"['diterima', 'dalam', 'keaadan', 'bocor', 'seperti', 'bekas', 'lubang', 'paku', 'jadi', 'isinya', 'tumpah', 'jadi', 'aku', 'lem', 'biar', 'isinya', 'enggak', 'tumpah', 'baru', 'pertama', 'belanja', 'disini', 'malah', 'kecewa', 'padahal', 'official', 'store', 'malas', 'saja', 'mau', 'complain', 'entar', 'lama', 'lagi', 'prosesnya']"
62,teksturnya kental banget di aku kurang ngefek sih probably ga beli lagi,Negatif,teksturnya kental banget di aku kurang ngefek sih probably enggak beli lagi,"['teksturnya', 'kental', 'banget', 'di', 'aku', 'kurang', 'ngefek', 'sih', 'probably', 'enggak', 'beli', 'lagi']"
63,botol semprotnya suka ngawur arahnya,Netral,botol semprotnya suka ngawur arahnya,"['botol', 'semprotnya', 'suka', 'ngawur', 'arahnya']"
64,produk baguss sering repurchase tapi suka kesel sama pumpnya isi masi banyak tapi gk kluar di pump susah kali pump nya,Netral,produk bagus sering repurchase tapi suka kesel sama pumpnya isi masih banyak tapi enggak keluar di pump susah kali pump nya,"['produk', 'bagus', 'sering', 'repurchase', 'tapi', 'suka', 'kesel', 'sama', 'pumpnya', 'isi', 'masih', 'banyak', 'tapi', 'enggak', 'keluar', 'di', 'pump', 'susah', 'kali', 'pump', 'nya']"
65,udah sering pake ini isinya banyak dan bahannya ga neko fkus melembabkan,Positif,sudah sering pakai ini isinya banyak dan bahannya enggak neko fokus melembabkan,"['sudah', 'sering', 'pakai', 'ini', 'isinya', 'banyak', 'dan', 'bahannya', 'enggak', 'neko', 'fokus', 'melembabkan']"
66,tekstur ringan pengiriman cepat,Positif,tekstur ringan pengiriman cepat,"['tekstur', 'ringan', 'pengiriman', 'cepat']"
67,respon toko nya cepet dan ramah belum dicoba mudah mudahan cocok,Positif,respon toko nya cepat dan ramah belum dicoba mudah mudahan cocok,"['respon', 'toko', 'nya', 'cepat', 'dan', 'ramah', 'belum', 'dicoba', 'mudah', 'mudahan', 'cocok']"
68,sdh langganan sll beli disini,Positif,sudah langganan selalu beli disini,"['sudah', 'langganan', 'selalu', 'beli', 'disini']"
69,tutup pumpnya gak bisa berfungsi tp ok gentle bgt washnya,Positif,tutup pumpnya enggak bisa berfungsi tapi ok gentle banget washnya,"['tutup', 'pumpnya', 'enggak', 'bisa', 'berfungsi', 'tapi', 'ok', 'gentle', 'banget', 'washnya']"
70,fw enak sih dipake nya terus byk busa nya jd pake sedikit aja tuh udah bisa full semuka ampe ke leher cocok bgt buat kulitku yang sensitif,Positif,face wash enak sih dipakai nya terus banyak busa nya jadi pakai sedikit saja tuh sudah bisa full semuka sampai ke leher cocok banget buat kulitku yang sensitif,"['face', 'wash', 'enak', 'sih', 'dipakai', 'nya', 'terus', 'banyak', 'busa', 'nya', 'jadi', 'pakai', 'sedikit', 'saja', 'tuh', 'sudah', 'bisa', 'full', 'semuka', 'sampai', 'ke', 'leher', 'cocok', 'banget', 'buat', 'kulitku', 'yang', 'sensitif']"
71,material bagus packaging aman ga bocor tekstur gel langsung meresap aman dari fragrance packaging pump juga hygenis semoga kulit sensitif saya cocok terimakasih ya,Positif,material bagus packaging aman enggak bocor tekstur gel langsung meresap aman dari fragrance packaging pump juga hygenis semoga kulit sensitif saya cocok terima kasih ya,"['material', 'bagus', 'packaging', 'aman', 'enggak', 'bocor', 'tekstur', 'gel', 'langsung', 'meresap', 'aman', 'dari', 'fragrance', 'packaging', 'pump', 'juga', 'hygenis', 'semoga', 'kulit', 'sensitif', 'saya', 'cocok', 'terima', 'kasih', 'ya']"
72,bagus pasti ro,Positif,bagus pasti ro,"['bagus', 'pasti', 'ro']"
73,baguus bagus cocok,Positif,bagus bagus cocok,"['bagus', 'bagus', 'cocok']"
74,dapet bonus,Positif,dapat bonus,"['dapat', 'bonus']"
75,dikasi free gift jg keren,Positif,dikasih free gift juga keren,"['dikasih', 'free', 'gift', 'juga', 'keren']"
76,sebenernya aku suka banget produknya meresapnya cepat banget ke kulit ga lengket dan greasy nyaman daan kebetulan cocok karena bekas jerawatku emang jadi lebih memudar tidak hilang begitu saja dan tentunya butuh prosesnya ya bestie tapiii yang menurutku skin game harus perhatikan lagi adalah pemilihan packaging pump nya agak keras lalu produk yang keluar malah jadi loncat dan banyak terbuang entah di leher botol atau terjun bebas sedih hiks mungkin jika ada konsiderasi untuk improve pump nya aku akan kasih bintang ,Positif,sebenarnya aku suka banget produknya meresapnya cepat banget ke kulit enggak lengket dan greasy nyaman daan kebetulan cocok karena bekas jerawatku memang jadi lebih memudar tidak hilang begitu saja dan tentunya butuh prosesnya ya bestie tapiii yang menurutku skin game harus perhatikan lagi adalah pemilihan packaging pump nya agak keras lalu produk yang keluar malah jadi loncat dan banyak terbuang entah di leher botol atau terjun bebas sedih hiks mungkin jika ada konsiderasi untuk improve pump nya aku akan kasih bintang ,"['sebenarnya', 'aku', 'suka', 'banget', 'produknya', 'meresapnya', 'cepat', 'banget', 'ke', 'kulit', 'enggak', 'lengket', 'dan', 'greasy', 'nyaman', 'daan', 'kebetulan', 'cocok', 'karena', 'bekas', 'jerawatku', 'memang', 'jadi', 'lebih', 'memudar', 'tidak', 'hilang', 'begitu', 'saja', 'dan', 'tentunya', 'butuh', 'prosesnya', 'ya', 'bestie', 'tapiii', 'yang', 'menurutku', 'skin', 'game', 'harus', 'perhatikan', 'lagi', 'adalah', 'pemilihan', 'packaging', 'pump', 'nya', 'agak', 'keras', 'lalu', 'produk', 'yang', 'keluar', 'malah', 'jadi', 'loncat', 'dan', 'banyak', 'terbuang', 'entah', 'di', 'leher', 'botol', 'atau', 'terjun', 'bebas', 'sedih', 'hiks', 'mungkin', 'jika', 'ada', 'konsiderasi', 'untuk', 'improve', 'pump', 'nya', 'aku', 'akan', 'kasih', 'bintang']"
77,maaf banget tp ini susah banget diratainnya dan whitecast parah bikin kulit jadi kering banget,Negatif,maaf banget tapi ini susah banget diratainnya dan whitecast parah bikin kulit jadi kering banget,"['maaf', 'banget', 'tapi', 'ini', 'susah', 'banget', 'diratainnya', 'dan', 'whitecast', 'parah', 'bikin', 'kulit', 'jadi', 'kering', 'banget']"
78,warna nya kuning entah karena apa,Netral,warna nya kuning entah karena apa,"['warna', 'nya', 'kuning', 'entah', 'karena', 'apa']"
79,abis pake ini besokannya langsung muncul banyak jerawat kecil,Negatif,habis pakai ini besokannya langsung muncul banyak jerawat kecil,"['habis', 'pakai', 'ini', 'besokannya', 'langsung', 'muncul', 'banyak', 'jerawat', 'kecil']"
80,isinya berantakan,Negatif,isinya berantakan,"['isinya', 'berantakan']"
81,bikin aku jerawatan,Negatif,bikin aku jerawatan,"['bikin', 'aku', 'jerawatan']"
82,produk belum dicoba pengiriman tidak menggunakan bubble wrap hanya produk dan kotak pengiriman saat dibuka botol terasa panas mungkin krn tidak di lapisi bubble wrap jadi langsung terpapar sinar matahari saat pengiriman semoga produk masi efektif kandungannya,Negatif,produk belum dicoba pengiriman tidak menggunakan bubble wrap hanya produk dan kotak pengiriman saat dibuka botol terasa panas mungkin karena tidak di lapisi bubble wrap jadi langsung terpapar sinar matahari saat pengiriman semoga produk masih efektif kandungannya,"['produk', 'belum', 'dicoba', 'pengiriman', 'tidak', 'menggunakan', 'bubble', 'wrap', 'hanya', 'produk', 'dan', 'kotak', 'pengiriman', 'saat', 'dibuka', 'botol', 'terasa', 'panas', 'mungkin', 'karena', 'tidak', 'di', 'lapisi', 'bubble', 'wrap', 'jadi', 'langsung', 'terpapar', 'sinar', 'matahari', 'saat', 'pengiriman', 'semoga', 'produk', 'masih', 'efektif', 'kandungannya']"
83,selangnya sependek apa sih sampe dia ilang kebawah wtf annoying bgt pakenya gmn coba udah aku cari tp gak ada selangnya pake tube ajalah kalo pake packaging kaya gini bermasalah mulu sayang bgt padahal formulanya sebagus itu tapi kalo packagingnya begini sihhh big no deh,Negatif,selangnya sependek apa sih sampai dia hilang kebawah wtf annoying banget pakenya bagaimana coba sudah aku cari tapi enggak ada selangnya pakai tube ajalah kalo pakai packaging kayak begini bermasalah mulu sayang banget padahal formulanya sebagus itu tapi kalo packagingnya begini sih big no deh,"['selangnya', 'sependek', 'apa', 'sih', 'sampai', 'dia', 'hilang', 'kebawah', 'wtf', 'annoying', 'banget', 'pakenya', 'bagaimana', 'coba', 'sudah', 'aku', 'cari', 'tapi', 'enggak', 'ada', 'selangnya', 'pakai', 'tube', 'ajalah', 'kalo', 'pakai', 'packaging', 'kayak', 'begini', 'bermasalah', 'mulu', 'sayang', 'banget', 'padahal', 'formulanya', 'sebagus', 'itu', 'tapi', 'kalo', 'packagingnya', 'begini', 'sih', 'big', 'no', 'deh']"
84,ini parah banget seller dan pengiriman kurir udah lama banget kirimnya plus waktu sampai dibuka paketnya rusak gajelas ini seller tidak professional dan tidak niat jualan sama sekali meskipun official store tolong hargai customer dengan dapat membungkus paket dengan baik dan benar,Negatif,ini parah banget seller dan pengiriman kurir sudah lama banget kirimnya plus waktu sampai dibuka paketnya rusak enggak jelas ini seller tidak professional dan tidak niat jualan sama sekali meskipun official store tolong hargai customer dengan dapat membungkus paket dengan baik dan benar,"['ini', 'parah', 'banget', 'seller', 'dan', 'pengiriman', 'kurir', 'sudah', 'lama', 'banget', 'kirimnya', 'plus', 'waktu', 'sampai', 'dibuka', 'paketnya', 'rusak', 'enggak', 'jelas', 'ini', 'seller', 'tidak', 'professional', 'dan', 'tidak', 'niat', 'jualan', 'sama', 'sekali', 'meskipun', 'official', 'store', 'tolong', 'hargai', 'customer', 'dengan', 'dapat', 'membungkus', 'paket', 'dengan', 'baik', 'dan', 'benar']"
85,untuk packaging suka bangettt dan pengeriman juga cepat cuman sorry bgt kykny memang ga cocok di aku kyk lgsg jerawatan besar gitu,Netral,untuk packaging suka banget dan pengeriman juga cepat cuman sorry banget kayaknya memang enggak cocok di aku kayak langsung jerawatan besar begitu,"['untuk', 'packaging', 'suka', 'banget', 'dan', 'pengeriman', 'juga', 'cepat', 'cuman', 'sorry', 'banget', 'kayaknya', 'memang', 'enggak', 'cocok', 'di', 'aku', 'kayak', 'langsung', 'jerawatan', 'besar', 'begitu']"
86,warnanya kuning kiri padahal baru dibuka punya saya sudah pemakaian bulan kanan masih bening,Negatif,warnanya kuning kiri padahal baru dibuka punya saya sudah pemakaian bulan kanan masih bening,"['warnanya', 'kuning', 'kiri', 'padahal', 'baru', 'dibuka', 'punya', 'saya', 'sudah', 'pemakaian', 'bulan', 'kanan', 'masih', 'bening']"
87,bener jadi geprek gak pake bubble wrap sama sekali hancur semua,Negatif,benar jadi geprek enggak pakai bubble wrap sama sekali hancur semua,"['benar', 'jadi', 'geprek', 'enggak', 'pakai', 'bubble', 'wrap', 'sama', 'sekali', 'hancur', 'semua']"
88,belum coba pertama kali beli semoga cocok bintang ini diberikan untuk respon admin dan pengantaran pesanan yg baik dan cepat,Positif,belum coba pertama kali beli semoga cocok bintang ini diberikan untuk respon admin dan pengantaran pesanan yang baik dan cepat,"['belum', 'coba', 'pertama', 'kali', 'beli', 'semoga', 'cocok', 'bintang', 'ini', 'diberikan', 'untuk', 'respon', 'admin', 'dan', 'pengantaran', 'pesanan', 'yang', 'baik', 'dan', 'cepat']"
89,fast response on time delivery,Positif,fast response on time delivery,"['fast', 'response', 'on', 'time', 'delivery']"
90,blm coba semoga cocok,Positif,belum coba semoga cocok,"['belum', 'coba', 'semoga', 'cocok']"
91,tipe kulitku berminyak masalah kulitku pori besar,Netral,tipe kulitku berminyak masalah kulitku pori besar,"['tipe', 'kulitku', 'berminyak', 'masalah', 'kulitku', 'pori', 'besar']"
92,semoga cocok  makasih bonusnya,Positif,semoga cocok  terima kasih bonusnya,"['semoga', 'cocok', 'terima', 'kasih', 'bonusnya']"
93,barang tidak saya terima sampai sekarang kurir ditanya balesnya lama karna pengiriman dipindahtangankan sama kurir pertama kecewa saya pdhal alamat sudah sesuai dan  biasanya begini tolong kak dikomplain bagian ekspedisi pengirimannya trimakasih,Negatif,barang tidak saya terima sampai sekarang kurir ditanya balesnya lama karena pengiriman dipindahtangankan sama kurir pertama kecewa saya padahal alamat sudah sesuai dan  biasanya begini tolong kak dikomplain bagian ekspedisi pengirimannya terima kasih,"['barang', 'tidak', 'saya', 'terima', 'sampai', 'sekarang', 'kurir', 'ditanya', 'balesnya', 'lama', 'karena', 'pengiriman', 'dipindahtangankan', 'sama', 'kurir', 'pertama', 'kecewa', 'saya', 'padahal', 'alamat', 'sudah', 'sesuai', 'dan', 'biasanya', 'begini', 'tolong', 'kak', 'dikomplain', 'bagian', 'ekspedisi', 'pengirimannya', 'terima', 'kasih']"
94,engga cocok mukaku tambah jerawat parah,Negatif,enggak cocok mukaku tambah jerawat parah,"['enggak', 'cocok', 'mukaku', 'tambah', 'jerawat', 'parah']"
95,hadiahnya bohongan,Negatif,hadiahnya bohongan,"['hadiahnya', 'bohongan']"
96,bohong,Negatif,berbohong,['berbohong']
97,baru mau coba semoga cocok tipe kulitku kombinasi masalah kulitku jerawat,Positif,baru mau coba semoga cocok tipe kulitku kombinasi masalah kulitku jerawat,"['baru', 'mau', 'coba', 'semoga', 'cocok', 'tipe', 'kulitku', 'kombinasi', 'masalah', 'kulitku', 'jerawat']"
98,okeee,Positif,oke,['oke']
99,tipe kulitku kering tipe kulitku normal,Netral,tipe kulitku kering tipe kulitku normal,"['tipe', 'kulitku', 'kering', 'tipe', 'kulitku', 'normal']"
100,pertama kali nyobain dgn warna kulit saya yg cenderung agak gelap awalnya saya pikir bakal jomplang pas dipake tp ternyata blend bgt ma kulit warnanya jd agak lbh cerah tp bukan jd tone up jg teksturnya ky foundy cair cpt nyerap awalnya ky mate pas udah kering tp lama jd glow up,Positif,pertama kali mencoba dengan warna kulit saya yang cenderung agak gelap awalnya saya pikir bakal jomplang pas dipakai tapi ternyata blend banget sama kulit warnanya jadi agak lebih cerah tapi bukan jadi tone up juga teksturnya kaya foundy cair cepat nyerap awalnya kaya mate pas sudah kering tapi lama jadi glow up,"['pertama', 'kali', 'mencoba', 'dengan', 'warna', 'kulit', 'saya', 'yang', 'cenderung', 'agak', 'gelap', 'awalnya', 'saya', 'pikir', 'bakal', 'jomplang', 'pas', 'dipakai', 'tapi', 'ternyata', 'blend', 'banget', 'sama', 'kulit', 'warnanya', 'jadi', 'agak', 'lebih', 'cerah', 'tapi', 'bukan', 'jadi', 'tone', 'up', 'juga', 'teksturnya', 'kaya', 'foundy', 'cair', 'cepat', 'nyerap', 'awalnya', 'kaya', 'mate', 'pas', 'sudah', 'kering', 'tapi', 'lama', 'jadi', 'glow', 'up']"
101,kynya udah botol ke apa gt secocok itu dikulit saya yg normal cenderung kering enaknya krn ga ada white cast ato tone up jd ga berasa cemong dikulit saya yg putih,Positif,sepertinya sudah botol ke apa begitu secocok itu dikulit saya yang normal cenderung kering enaknya karena enggak ada white cast atau tone up jadi enggak berasa cemong dikulit saya yang putih,"['sepertinya', 'sudah', 'botol', 'ke', 'apa', 'begitu', 'secocok', 'itu', 'dikulit', 'saya', 'yang', 'normal', 'cenderung', 'kering', 'enaknya', 'karena', 'enggak', 'ada', 'white', 'cast', 'atau', 'tone', 'up', 'jadi', 'enggak', 'berasa', 'cemong', 'dikulit', 'saya', 'yang', 'putih']"
102,botol kedua enak dikulit gampang menyerap ga ada masalah ke kulitnya mantap,Positif,botol kedua enak dikulit gampang menyerap enggak ada masalah ke kulitnya mantap,"['botol', 'kedua', 'enak', 'dikulit', 'gampang', 'menyerap', 'enggak', 'ada', 'masalah', 'ke', 'kulitnya', 'mantap']"
103,produk tp beda isi cairannya cs ditanya ga membantu bertele tele,Negatif,produk tapi beda isi cairannya customer service ditanya enggak membantu bertele tele,"['produk', 'tapi', 'beda', 'isi', 'cairannya', 'customer', 'service', 'ditanya', 'enggak', 'membantu', 'bertele', 'tele']"
104,kecewa karena isi tidak full seperti saya beli di tempat lain,Negatif,kecewa karena isi tidak full seperti saya beli di tempat lain,"['kecewa', 'karena', 'isi', 'tidak', 'full', 'seperti', 'saya', 'beli', 'di', 'tempat', 'lain']"
105,terpaksa kasi penilaian jelek untuk admin al el ve yang handle chat karena balasnya asal dan tidak menjawab konsultasi customer dengan baik pertanyan dan jawabannya tidak sesuai asal balas tanpa membaca permasalahan pembeli,Negatif,terpaksa kasih penilaian jelek untuk admin al el ve yang handle chat karena balasnya asal dan tidak menjawab konsultasi customer dengan baik pertanyan dan jawabannya tidak sesuai asal balas tanpa membaca permasalahan pembeli,"['terpaksa', 'kasih', 'penilaian', 'jelek', 'untuk', 'admin', 'al', 'el', 've', 'yang', 'handle', 'chat', 'karena', 'balasnya', 'asal', 'dan', 'tidak', 'menjawab', 'konsultasi', 'customer', 'dengan', 'baik', 'pertanyan', 'dan', 'jawabannya', 'tidak', 'sesuai', 'asal', 'balas', 'tanpa', 'membaca', 'permasalahan', 'pembeli']"
106,baru coba semoga cocok recommended seller,Positif,baru coba semoga cocok recommended seller,"['baru', 'coba', 'semoga', 'cocok', 'recommended', 'seller']"
107,pertama kali nyoba tinted sunscreen mudahan cocok dan gak oksidasi sesuai klaimnya packing aman kardus ditambah bubble wrap tebel mantappp,Positif,pertama kali mencoba tinted sunscreen mudahan cocok dan enggak oksidasi sesuai klaimnya packing aman kardus ditambah bubble wrap tebal mantap,"['pertama', 'kali', 'mencoba', 'tinted', 'sunscreen', 'mudahan', 'cocok', 'dan', 'enggak', 'oksidasi', 'sesuai', 'klaimnya', 'packing', 'aman', 'kardus', 'ditambah', 'bubble', 'wrap', 'tebal', 'mantap']"
108,pesan barang paket lengkap yg dtg hanya paket,Positif,pesan barang paket lengkap yang datang hanya paket,"['pesan', 'barang', 'paket', 'lengkap', 'yang', 'datang', 'hanya', 'paket']"
109,lebih baik sabtu minggu tetap di proses walau kirim nya weekday padahal online gak tahu real or chat bot bikin insecure,Negatif,lebih baik sabtu minggu tetap di proses walau kirim nya weekday padahal online enggak tahu real orang chat bot bikin insecure,"['lebih', 'baik', 'sabtu', 'minggu', 'tetap', 'di', 'proses', 'walau', 'kirim', 'nya', 'weekday', 'padahal', 'online', 'enggak', 'tahu', 'real', 'orang', 'chat', 'bot', 'bikin', 'insecure']"
110,lemot responnya,Negatif,lemot responnya,"['lemot', 'responnya']"
111,wtf pas buka tutupnya ternyata yg keputer malah ke tempat moisturizernya langsung tumpah setengah,Negatif,wtf pas buka tutupnya ternyata yang keputer malah ke tempat moisturizernya langsung tumpah setengah,"['wtf', 'pas', 'buka', 'tutupnya', 'ternyata', 'yang', 'keputer', 'malah', 'ke', 'tempat', 'moisturizernya', 'langsung', 'tumpah', 'setengah']"
112,isi tidak sesuai,Negatif,isi tidak sesuai,"['isi', 'tidak', 'sesuai']"
113,thanks,Positif,thanks,['thanks']
114,well received thanks,Positif,well received thanks,"['well', 'received', 'thanks']"
115,barang sampai dengan aman cuma di aku agak ke abuan dikit tp masih bisa ditoleransi thx ya,Positif,barang sampai dengan aman cuma di aku agak ke abuan dikit tapi masih bisa ditoleransi thanks ya,"['barang', 'sampai', 'dengan', 'aman', 'cuma', 'di', 'aku', 'agak', 'ke', 'abuan', 'dikit', 'tapi', 'masih', 'bisa', 'ditoleransi', 'thanks', 'ya']"
116,produknya biasa saja tapi yg paling parah pelayanannya sangat tidak memuaskan tidak helpfull tidak customer oriented hati kalau belanja disini kesalahan sedikit saja bakal fatal,Negatif,produknya biasa saja tapi yang paling parah pelayanannya sangat tidak memuaskan tidak helpfull tidak customer oriented hati kalau belanja disini kesalahan sedikit saja bakal fatal,"['produknya', 'biasa', 'saja', 'tapi', 'yang', 'paling', 'parah', 'pelayanannya', 'sangat', 'tidak', 'memuaskan', 'tidak', 'helpfull', 'tidak', 'customer', 'oriented', 'hati', 'kalau', 'belanja', 'disini', 'kesalahan', 'sedikit', 'saja', 'bakal', 'fatal']"
117,katanya check out jam dapet lm taunya engga boohong banget buat yang mau check out jangan percaya ya,Negatif,katanya check out jam dapat lama taunya enggak berbohong banget buat yang mau check out jangan percaya ya,"['katanya', 'check', 'out', 'jam', 'dapat', 'lama', 'taunya', 'enggak', 'berbohong', 'banget', 'buat', 'yang', 'mau', 'check', 'out', 'jangan', 'percaya', 'ya']"
118,kecewa pesanan saya dibatalkan yang lain tidak akan pernah mau beli lagi terimakasih alasan saya beli di toko ini adalah karna harga dari pusat normal sedangkan beli di reseller harga melambung jauh sampe rb kecewa udh ganti produk eye care lain makasih saya beli tetapi dibatalkan sama somethinc jahat bgt pesannya pake usaha juga kalau tidak beli eye game changer ini di sini mau beli dmn lagi di stockist harganya beda rb rb makasih belum lagi kadang pre order sungguh kecewa saya beli di official mana pun bs beli banyak makasih,Negatif,kecewa pesanan saya dibatalkan yang lain tidak akan pernah mau beli lagi terima kasih alasan saya beli di toko ini adalah karena harga dari pusat normal sedangkan beli di reseller harga melambung jauh sampai ribu kecewa sudah ganti produk eye care lain terima kasih saya beli tetapi dibatalkan sama somethinc jahat banget pesannya pakai usaha juga kalau tidak beli eye game changer ini di sini mau beli dimana lagi di stockist harganya beda ribu ribu terima kasih belum lagi kadang pre order sungguh kecewa saya beli di official mana pun bisa beli banyak terima kasih,"['kecewa', 'pesanan', 'saya', 'dibatalkan', 'yang', 'lain', 'tidak', 'akan', 'pernah', 'mau', 'beli', 'lagi', 'terima', 'kasih', 'alasan', 'saya', 'beli', 'di', 'toko', 'ini', 'adalah', 'karena', 'harga', 'dari', 'pusat', 'normal', 'sedangkan', 'beli', 'di', 'reseller', 'harga', 'melambung', 'jauh', 'sampai', 'ribu', 'kecewa', 'sudah', 'ganti', 'produk', 'eye', 'care', 'lain', 'terima', 'kasih', 'saya', 'beli', 'tetapi', 'dibatalkan', 'sama', 'somethinc', 'jahat', 'banget', 'pesannya', 'pakai', 'usaha', 'juga', 'kalau', 'tidak', 'beli', 'eye', 'game', 'changer', 'ini', 'di', 'sini', 'mau', 'beli', 'dimana', 'lagi', 'di', 'stockist', 'harganya', 'beda', 'ribu', 'ribu', 'terima', 'kasih', 'belum', 'lagi', 'kadang', 'pre', 'order', 'sungguh', 'kecewa', 'saya', 'beli', 'di', 'official', 'mana', 'pun', 'bisa', 'beli', 'banyak', 'terima', 'kasih']"
119,it  beautiful package bintang buat safety nya,Positif,itu  beautiful package bintang buat safety nya,"['itu', 'beautiful', 'package', 'bintang', 'buat', 'safety', 'nya']"
120,pengiriman agak lama karena beda provinsi tapi gapapa packingnya aman banget semoga cocok dan bisa memperbaiki kulit aku tipe kulitku berminyak,Negatif,pengiriman agak lama karena beda provinsi tapi gapapa packingnya aman banget semoga cocok dan bisa memperbaiki kulit aku tipe kulitku berminyak,"['pengiriman', 'agak', 'lama', 'karena', 'beda', 'provinsi', 'tapi', 'gapapa', 'packingnya', 'aman', 'banget', 'semoga', 'cocok', 'dan', 'bisa', 'memperbaiki', 'kulit', 'aku', 'tipe', 'kulitku', 'berminyak']"
121,top,Positif,top,['top']
122,tipe kulitku berminyak tipe kulitku kering tipe kulitku normal tipe kulitku kombinasi masalah kulitku kerutan masalah kulitku jerawat masalah kulitku pori besar tipe kulitku sensitif,Positif,tipe kulitku berminyak tipe kulitku kering tipe kulitku normal tipe kulitku kombinasi masalah kulitku kerutan masalah kulitku jerawat masalah kulitku pori besar tipe kulitku sensitif,"['tipe', 'kulitku', 'berminyak', 'tipe', 'kulitku', 'kering', 'tipe', 'kulitku', 'normal', 'tipe', 'kulitku', 'kombinasi', 'masalah', 'kulitku', 'kerutan', 'masalah', 'kulitku', 'jerawat', 'masalah', 'kulitku', 'pori', 'besar', 'tipe', 'kulitku', 'sensitif']"
123,exp,Positif,exp,['exp']
124,pertama banget dulu sih beli bagus bgt ya di muka waktu itu kemasan masih biru mungkin sktr tahun yang lalu masih belum viral perskincare an semenjak hamil ud stop pake produk bayi aja ini mau coba lagi karena kangen sensasinya waktu make dulu emang feelnya beda tp smga ngaruh di jerawat yg suka muncul tiba tiba,Netral,pertama banget dulu sih beli bagus banget ya di muka waktu itu kemasan masih biru mungkin sekitar tahun yang lalu masih belum viral perskincare an semenjak hamil sudah stop pakai produk bayi saja ini mau coba lagi karena kangen sensasinya waktu memakai dulu memang feelnya beda tapi semoga ngaruh di jerawat yang suka muncul tiba tiba,"['pertama', 'banget', 'dulu', 'sih', 'beli', 'bagus', 'banget', 'ya', 'di', 'muka', 'waktu', 'itu', 'kemasan', 'masih', 'biru', 'mungkin', 'sekitar', 'tahun', 'yang', 'lalu', 'masih', 'belum', 'viral', 'perskincare', 'an', 'semenjak', 'hamil', 'sudah', 'stop', 'pakai', 'produk', 'bayi', 'saja', 'ini', 'mau', 'coba', 'lagi', 'karena', 'kangen', 'sensasinya', 'waktu', 'memakai', 'dulu', 'memang', 'feelnya', 'beda', 'tapi', 'semoga', 'ngaruh', 'di', 'jerawat', 'yang', 'suka', 'muncul', 'tiba', 'tiba']"
125,tipe kulitku berminyak tipe kulitku normal tipe kulitku kering tipe kulitku kombinasi masalah kulitku jerawat masalah kulitku kerutan masalah kulitku pori besar tipe kulitku sensitif,Positif,tipe kulitku berminyak tipe kulitku normal tipe kulitku kering tipe kulitku kombinasi masalah kulitku jerawat masalah kulitku kerutan masalah kulitku pori besar tipe kulitku sensitif,"['tipe', 'kulitku', 'berminyak', 'tipe', 'kulitku', 'normal', 'tipe', 'kulitku', 'kering', 'tipe', 'kulitku', 'kombinasi', 'masalah', 'kulitku', 'jerawat', 'masalah', 'kulitku', 'kerutan', 'masalah', 'kulitku', 'pori', 'besar', 'tipe', 'kulitku', 'sensitif']"
126,barang sesuai pesanan,Positif,barang sesuai pesanan,"['barang', 'sesuai', 'pesanan']"
127,pengiriman oke saran untuk facial wash nya mungkin perlu ditambahkan fragrance biar baunya lebih enak soalnya baunya kurang begitu nyama digunakan,Positif,pengiriman oke saran untuk facial wash nya mungkin perlu ditambahkan fragrance biar baunya lebih enak soalnya baunya kurang begitu nyaman digunakan,"['pengiriman', 'oke', 'saran', 'untuk', 'facial', 'wash', 'nya', 'mungkin', 'perlu', 'ditambahkan', 'fragrance', 'biar', 'baunya', 'lebih', 'enak', 'soalnya', 'baunya', 'kurang', 'begitu', 'nyaman', 'digunakan']"
128,moga cocok soalnya dulu cocok bgt pake ini,Positif,moga cocok soalnya dulu cocok banget pakai ini,"['moga', 'cocok', 'soalnya', 'dulu', 'cocok', 'banget', 'pakai', 'ini']"
129,pengiriman cepat mantabbb,Netral,pengiriman cepat mantap,"['pengiriman', 'cepat', 'mantap']"
130,alhamdulillah udh smp barangnya dan pengemasan barangnya juga ok thank you kurir sicepat team avoskin,Negatif,alhamdulillah sudah sampai barangnya dan pengemasan barangnya juga ok thank you kurir sicepat team avoskin,"['alhamdulillah', 'sudah', 'sampai', 'barangnya', 'dan', 'pengemasan', 'barangnya', 'juga', 'ok', 'thank', 'you', 'kurir', 'sicepat', 'team', 'avoskin']"
131,bahannya gampang menyerap,Netral,bahannya gampang menyerap,"['bahannya', 'gampang', 'menyerap']"
132,bagussss,Netral,bagus,['bagus']
133,baguusssssss,Netral,bagus,['bagus']
134,okelahhhhhhhh,Negatif,oke,['oke']
135,dapat gratis mini pouch makasih semoga cocok,Netral,dapat gratis mini pouch terima kasih semoga cocok,"['dapat', 'gratis', 'mini', 'pouch', 'terima', 'kasih', 'semoga', 'cocok']"
136,alhamdulillah barangnya udah sampai semoga ccok dan selau dpt harga diskon yess,Negatif,alhamdulillah barangnya sudah sampai semoga cocok dan selau dapat harga diskon yes,"['alhamdulillah', 'barangnya', 'sudah', 'sampai', 'semoga', 'cocok', 'dan', 'selau', 'dapat', 'harga', 'diskon', 'yes']"
137,cocok sama produknya,Positif,cocok sama produknya,"['cocok', 'sama', 'produknya']"
138,sudah berkali kali beli di toko official ini dan setiap kali pembelian selalu amanah thx,Positif,sudah berkali kali beli di toko official ini dan setiap kali pembelian selalu amanah thanks,"['sudah', 'berkali', 'kali', 'beli', 'di', 'toko', 'official', 'ini', 'dan', 'setiap', 'kali', 'pembelian', 'selalu', 'amanah', 'thanks']"
139,barang nya oke,Positif,barang nya oke,"['barang', 'nya', 'oke']"
140,repeat order,Netral,repeat order,"['repeat', 'order']"
141,masalah kulitku pori besar,Negatif,masalah kulitku pori besar,"['masalah', 'kulitku', 'pori', 'besar']"
142,ini beda nih dari pertama beli  first time nyobain jatuh cinta bgt waktu itu pilih shade strawberrypine sama raspberry muffin trus ini pembelian kedua ngerasa ini formulanya beda bgt ini lebih berminyak tapi short lasting  masa iya abis minum aer ilang lah coba itu rugi dong udahlah aku pindah haluan aja byeee,Negatif,ini beda nih dari pertama beli  first time mencoba jatuh cinta banget waktu itu pilih shade strawberrypine sama raspberry muffin terus ini pembelian kedua merasa ini formulanya beda banget ini lebih berminyak tapi short lasting  masa iya habis minum air hilang lah coba itu rugi dong sudahlah aku pindah haluan saja byeee,"['ini', 'beda', 'nih', 'dari', 'pertama', 'beli', 'first', 'time', 'mencoba', 'jatuh', 'cinta', 'banget', 'waktu', 'itu', 'pilih', 'shade', 'strawberrypine', 'sama', 'raspberry', 'muffin', 'terus', 'ini', 'pembelian', 'kedua', 'merasa', 'ini', 'formulanya', 'beda', 'banget', 'ini', 'lebih', 'berminyak', 'tapi', 'short', 'lasting', 'masa', 'iya', 'habis', 'minum', 'air', 'hilang', 'lah', 'coba', 'itu', 'rugi', 'dong', 'sudahlah', 'aku', 'pindah', 'haluan', 'saja', 'byeee']"
143,tipe kulitku berminyak tipe kulitku sensitif masalah kulitku jerawat masalah kulitku pori besar overall worth it,Netral,tipe kulitku berminyak tipe kulitku sensitif masalah kulitku jerawat masalah kulitku pori besar overall worth itu,"['tipe', 'kulitku', 'berminyak', 'tipe', 'kulitku', 'sensitif', 'masalah', 'kulitku', 'jerawat', 'masalah', 'kulitku', 'pori', 'besar', 'overall', 'worth', 'itu']"
144,kecepatan pengiriman baik ada bubble warp,Netral,kecepatan pengiriman baik ada bubble warp,"['kecepatan', 'pengiriman', 'baik', 'ada', 'bubble', 'warp']"
145,tipe kulitku sensitif masalah kulitku jerawat masalah kulitku pori besar,Netral,tipe kulitku sensitif masalah kulitku jerawat masalah kulitku pori besar,"['tipe', 'kulitku', 'sensitif', 'masalah', 'kulitku', 'jerawat', 'masalah', 'kulitku', 'pori', 'besar']"
146,dpt harga ceban yay blm dicoba,Netral,dapat harga ceban yay belum dicoba,"['dapat', 'harga', 'ceban', 'yay', 'belum', 'dicoba']"
147,pembelian kesekian kalinya cocok di muka apalagi klo pas jerawatan kulitnya tetep bs bnafas,Netral,pembelian kesekian kalinya cocok di muka apalagi kalo pas jerawatan kulitnya tetap bisa bernafas,"['pembelian', 'kesekian', 'kalinya', 'cocok', 'di', 'muka', 'apalagi', 'kalo', 'pas', 'jerawatan', 'kulitnya', 'tetap', 'bisa', 'bernafas']"
148,ternyata dapet ya baru pertama kali semoga cocok,Netral,ternyata dapat ya baru pertama kali semoga cocok,"['ternyata', 'dapat', 'ya', 'baru', 'pertama', 'kali', 'semoga', 'cocok']"
149,mudahan cocok terima kasih,Positif,mudahan cocok terima kasih,"['mudahan', 'cocok', 'terima', 'kasih']"
150,udh sering beli ini dan selalu cocok,Netral,sudah sering beli ini dan selalu cocok,"['sudah', 'sering', 'beli', 'ini', 'dan', 'selalu', 'cocok']"
151,barang datang dengan selamat walau agak lama datangnya,Netral,barang datang dengan selamat walau agak lama datangnya,"['barang', 'datang', 'dengan', 'selamat', 'walau', 'agak', 'lama', 'datangnya']"
152,packing nya bagus bgt utk cream dg hrg segitu tekstur ringan cepet meresap di kulit ga ada bau menyengat samsek semoga cocok di kulit aku yg kering tp bruntusan tq,Positif,packing nya bagus banget untuk cream dengan harga segitu tekstur ringan cepat meresap di kulit enggak ada bau menyengat sama sekali semoga cocok di kulit aku yang kering tapi bruntusan terima kasih,"['packing', 'nya', 'bagus', 'banget', 'untuk', 'cream', 'dengan', 'harga', 'segitu', 'tekstur', 'ringan', 'cepat', 'meresap', 'di', 'kulit', 'enggak', 'ada', 'bau', 'menyengat', 'sama', 'sekali', 'semoga', 'cocok', 'di', 'kulit', 'aku', 'yang', 'kering', 'tapi', 'bruntusan', 'terima', 'kasih']"
153,terima kasih,Netral,terima kasih,"['terima', 'kasih']"
154,bahannya ringan mudah menyerap cocok di kulit aku yg berjerawat gak bikin breakout the best pokoknya,Netral,bahannya ringan mudah menyerap cocok di kulit aku yang berjerawat enggak bikin breakout the best pokoknya,"['bahannya', 'ringan', 'mudah', 'menyerap', 'cocok', 'di', 'kulit', 'aku', 'yang', 'berjerawat', 'enggak', 'bikin', 'breakout', 'the', 'best', 'pokoknya']"
155,tipe kulitku kombinasi masalah kulitku jerawat,Netral,tipe kulitku kombinasi masalah kulitku jerawat,"['tipe', 'kulitku', 'kombinasi', 'masalah', 'kulitku', 'jerawat']"
156,tipe kulitku kombinasi,Netral,tipe kulitku kombinasi,"['tipe', 'kulitku', 'kombinasi']"
157,tipe kulitku berminyak masalah kulitku pori besar original terimakasih,Netral,tipe kulitku berminyak masalah kulitku pori besar original terima kasih,"['tipe', 'kulitku', 'berminyak', 'masalah', 'kulitku', 'pori', 'besar', 'original', 'terima', 'kasih']"
158,bahannya ringan cocok digunakan,Positif,bahannya ringan cocok digunakan,"['bahannya', 'ringan', 'cocok', 'digunakan']"
159,tipe kulitku berminyak baru mau nyoba makai ini tapi sebelumnya nyoba punya temen cocokkk,Netral,tipe kulitku berminyak baru mau mencoba makai ini tapi sebelumnya mencoba punya teman cocok,"['tipe', 'kulitku', 'berminyak', 'baru', 'mau', 'mencoba', 'makai', 'ini', 'tapi', 'sebelumnya', 'mencoba', 'punya', 'teman', 'cocok']"
160,barang datang sesuai packing nya aman serta pengiriman cepat,Netral,barang datang sesuai packing nya aman serta pengiriman cepat,"['barang', 'datang', 'sesuai', 'packing', 'nya', 'aman', 'serta', 'pengiriman', 'cepat']"
161,berasa cerah jika sudah pakai cuman di aku jadi bkin kering jadi mesti pake pelembab muka lg,Netral,berasa cerah jika sudah pakai cuman di aku jadi bikin kering jadi mesti pakai pelembab muka lagi,"['berasa', 'cerah', 'jika', 'sudah', 'pakai', 'cuman', 'di', 'aku', 'jadi', 'bikin', 'kering', 'jadi', 'mesti', 'pakai', 'pelembab', 'muka', 'lagi']"
162,udah beberapa tahun pake emang cocok karena ga white cast gitu nyaman ringan juga thanks seller tipe kulitku kombinasi,Netral,sudah beberapa tahun pakai memang cocok karena enggak white cast begitu nyaman ringan juga thanks seller tipe kulitku kombinasi,"['sudah', 'beberapa', 'tahun', 'pakai', 'memang', 'cocok', 'karena', 'enggak', 'white', 'cast', 'begitu', 'nyaman', 'ringan', 'juga', 'thanks', 'seller', 'tipe', 'kulitku', 'kombinasi']"
163,warnanya cantik bangettt,Netral,warnanya cantik banget,"['warnanya', 'cantik', 'banget']"
164,cocok di tipe kulitku kombinasi,Netral,cocok di tipe kulitku kombinasi,"['cocok', 'di', 'tipe', 'kulitku', 'kombinasi']"
165,jujur agak panik pas liat dusnya penyok tapi ternyata isinya aman meskipun pas buka dus kemasan tutup botol moist nya agak kurang rapet untung isinya masih aman gak luber kemana mana,Netral,jujur agak panik pas lihat dusnya penyok tapi ternyata isinya aman meskipun pas buka dus kemasan tutup botol moist nya agak kurang rapet untung isinya masih aman enggak luber kemana mana,"['jujur', 'agak', 'panik', 'pas', 'lihat', 'dusnya', 'penyok', 'tapi', 'ternyata', 'isinya', 'aman', 'meskipun', 'pas', 'buka', 'dus', 'kemasan', 'tutup', 'botol', 'moist', 'nya', 'agak', 'kurang', 'rapet', 'untung', 'isinya', 'masih', 'aman', 'enggak', 'luber', 'kemana', 'mana']"
166,jujur agak panik pas liat dusnya penyok tapi ternyata isinya aman meskipun pas buka dus kemasan tutup botol moist nya agak kurang rapet untung isinya masih aman gak luber kemana mana baru sekali pake produk yang ini oke banget pas dipake ke kulit cocok suka sama packing barunya,Netral,jujur agak panik pas lihat dusnya penyok tapi ternyata isinya aman meskipun pas buka dus kemasan tutup botol moist nya agak kurang rapet untung isinya masih aman enggak luber kemana mana baru sekali pakai produk yang ini oke banget pas dipakai ke kulit cocok suka sama packing barunya,"['jujur', 'agak', 'panik', 'pas', 'lihat', 'dusnya', 'penyok', 'tapi', 'ternyata', 'isinya', 'aman', 'meskipun', 'pas', 'buka', 'dus', 'kemasan', 'tutup', 'botol', 'moist', 'nya', 'agak', 'kurang', 'rapet', 'untung', 'isinya', 'masih', 'aman', 'enggak', 'luber', 'kemana', 'mana', 'baru', 'sekali', 'pakai', 'produk', 'yang', 'ini', 'oke', 'banget', 'pas', 'dipakai', 'ke', 'kulit', 'cocok', 'suka', 'sama', 'packing', 'barunya']"
167,cocok di kulit berminyak kemasannya lucu,Netral,cocok di kulit berminyak kemasannya lucu,"['cocok', 'di', 'kulit', 'berminyak', 'kemasannya', 'lucu']"
168,bahannya ringan cepet meresap terus packaging nya ok banget,Netral,bahannya ringan cepat meresap terus packaging nya ok banget,"['bahannya', 'ringan', 'cepat', 'meresap', 'terus', 'packaging', 'nya', 'ok', 'banget']"
169,terima kasih banyak paket sudah sampai dengan selamat,Netral,terima kasih banyak paket sudah sampai dengan selamat,"['terima', 'kasih', 'banyak', 'paket', 'sudah', 'sampai', 'dengan', 'selamat']"
170,barang bagus sesuai packing mantap terima kasih,Netral,barang bagus sesuai packing mantap terima kasih,"['barang', 'bagus', 'sesuai', 'packing', 'mantap', 'terima', 'kasih']"
171,gausah ditanya lagi emang sebagus itu lembab dan bisa bantu pulih skin barier sejauh ini moisturizer yg gak akan ganti lagi,Netral,enggak usah ditanya lagi memang sebagus itu lembab dan bisa bantu pulih skin barier sejauh ini moisturizer yang enggak akan ganti lagi,"['enggak', 'usah', 'ditanya', 'lagi', 'memang', 'sebagus', 'itu', 'lembab', 'dan', 'bisa', 'bantu', 'pulih', 'skin', 'barier', 'sejauh', 'ini', 'moisturizer', 'yang', 'enggak', 'akan', 'ganti', 'lagi']"
172,produk sangat bangus langsung menyerap dan membuat lembab,Netral,produk sangat bagus langsung menyerap dan membuat lembab,"['produk', 'sangat', 'bagus', 'langsung', 'menyerap', 'dan', 'membuat', 'lembab']"
173,udah repurchase berkali produk simple dan efektif packaging jg simple dan aman,Netral,sudah repurchase berkali produk simple dan efektif packaging juga simple dan aman,"['sudah', 'repurchase', 'berkali', 'produk', 'simple', 'dan', 'efektif', 'packaging', 'juga', 'simple', 'dan', 'aman']"
174,cocok di kulit saya tekstur ringan dan sangat cepat menyerap di kulit super recommended,Positif,cocok di kulit saya tekstur ringan dan sangat cepat menyerap di kulit super recommended,"['cocok', 'di', 'kulit', 'saya', 'tekstur', 'ringan', 'dan', 'sangat', 'cepat', 'menyerap', 'di', 'kulit', 'super', 'recommended']"
175,baru pertama kali beli skin game mudah mudahan cocok,Negatif,baru pertama kali beli skin game mudah mudahan cocok,"['baru', 'pertama', 'kali', 'beli', 'skin', 'game', 'mudah', 'mudahan', 'cocok']"
176,akhirnyaaa menemukan moisturizer yg cocokkk moistnya ringan dan cepet menyerap aku udah make tube tube bisa dipake bulan lebih tergantung pemakaiannya,Netral,akhirnya menemukan moisturizer yang cocok moistnya ringan dan cepat menyerap aku sudah memakai tube tube bisa dipakai bulan lebih tergantung pemakaiannya,"['akhirnya', 'menemukan', 'moisturizer', 'yang', 'cocok', 'moistnya', 'ringan', 'dan', 'cepat', 'menyerap', 'aku', 'sudah', 'memakai', 'tube', 'tube', 'bisa', 'dipakai', 'bulan', 'lebih', 'tergantung', 'pemakaiannya']"
177,baguss semoga cocok,Netral,bagus semoga cocok,"['bagus', 'semoga', 'cocok']"
178,baru mau dicoba semoga cocok,Positif,baru mau dicoba semoga cocok,"['baru', 'mau', 'dicoba', 'semoga', 'cocok']"
179,produk ori dan aman kakak adminnya juga ramah banget bakal repurchase lagiii deh kayaknya,Positif,produk orisinal dan aman kakak adminnya juga ramah banget bakal repurchase lagi deh kayaknya,"['produk', 'orisinal', 'dan', 'aman', 'kakak', 'adminnya', 'juga', 'ramah', 'banget', 'bakal', 'repurchase', 'lagi', 'deh', 'kayaknya']"
180,pengiriman dan pengemasan cepat bgt aman produk sesuai udh pernah coba dan lumayan bikin jerawat cpt mateng thankyou,Netral,pengiriman dan pengemasan cepat banget aman produk sesuai sudah pernah coba dan lumayan bikin jerawat cepat mateng thankyou,"['pengiriman', 'dan', 'pengemasan', 'cepat', 'banget', 'aman', 'produk', 'sesuai', 'sudah', 'pernah', 'coba', 'dan', 'lumayan', 'bikin', 'jerawat', 'cepat', 'mateng', 'thankyou']"
181,baunya agak aneh apek dan bau besi seperti dr tempatnya saya pernah pakai sabun lain yg tanpa bau tp ga pernah spt ini jd kurang nyaman pakainya dan sampai skrg masih ada,Netral,baunya agak aneh apek dan bau besi seperti dari tempatnya saya pernah pakai sabun lain yang tanpa bau tapi enggak pernah seperti ini jadi kurang nyaman pakainya dan sampai sekarang masih ada,"['baunya', 'agak', 'aneh', 'apek', 'dan', 'bau', 'besi', 'seperti', 'dari', 'tempatnya', 'saya', 'pernah', 'pakai', 'sabun', 'lain', 'yang', 'tanpa', 'bau', 'tapi', 'enggak', 'pernah', 'seperti', 'ini', 'jadi', 'kurang', 'nyaman', 'pakainya', 'dan', 'sampai', 'sekarang', 'masih', 'ada']"
182,dari dulu selalu jadi langganan untuk solusi kalau lagi jerawatan bulan ini kebetulan lagi breakout dan tidak pikir lama langsung checkout kembali ini holy grail  love you kembali serebu,Netral,dari dulu selalu jadi langganan untuk solusi kalau lagi jerawatan bulan ini kebetulan lagi breakout dan tidak pikir lama langsung checkout kembali ini holy grail  love you kembali serebu,"['dari', 'dulu', 'selalu', 'jadi', 'langganan', 'untuk', 'solusi', 'kalau', 'lagi', 'jerawatan', 'bulan', 'ini', 'kebetulan', 'lagi', 'breakout', 'dan', 'tidak', 'pikir', 'lama', 'langsung', 'checkout', 'kembali', 'ini', 'holy', 'grail', 'love', 'you', 'kembali', 'serebu']"
183,barang sampai dgn selamat packagingnya jg aman semoga cocok,Positif,barang sampai dengan selamat packagingnya juga aman semoga cocok,"['barang', 'sampai', 'dengan', 'selamat', 'packagingnya', 'juga', 'aman', 'semoga', 'cocok']"
184,baru pertama kali coba semoga cocok thank you seller,Positif,baru pertama kali coba semoga cocok thank you seller,"['baru', 'pertama', 'kali', 'coba', 'semoga', 'cocok', 'thank', 'you', 'seller']"
185,barang sampai dgn selamat,Negatif,barang sampai dengan selamat,"['barang', 'sampai', 'dengan', 'selamat']"
186,packing rapi dan aman barang sesuai pesenan,Netral,packing rapi dan aman barang sesuai pesanan,"['packing', 'rapi', 'dan', 'aman', 'barang', 'sesuai', 'pesanan']"
187,this moisturizer is seriously  game changer  love how one bottle could last me months,Netral,this moisturizer is seriously  game changer  love how one bottle could last me months,"['this', 'moisturizer', 'is', 'seriously', 'game', 'changer', 'love', 'how', 'one', 'bottle', 'could', 'last', 'me', 'months']"
188,baeu nyoba pertama kali smoga bisa cocok krn reviewnya bagus,Netral,baru mencoba pertama kali semoga bisa cocok karena reviewnya bagus,"['baru', 'mencoba', 'pertama', 'kali', 'semoga', 'bisa', 'cocok', 'karena', 'reviewnya', 'bagus']"
189,mantap sesuaiii semoga cocok,Netral,mantap sesuai semoga cocok,"['mantap', 'sesuai', 'semoga', 'cocok']"
190,tadinya mau beli diofflinestore tp mahal bgt  pas cek dionline store nya cuma  karena dpt potongan sm lg flashsale langsung beli,Positif,tadinya mau beli diofflinestore tapi mahal banget  pas cek dionline store nya cuma  karena dapat potongan sama lagi flashsale langsung beli,"['tadinya', 'mau', 'beli', 'diofflinestore', 'tapi', 'mahal', 'banget', 'pas', 'cek', 'dionline', 'store', 'nya', 'cuma', 'karena', 'dapat', 'potongan', 'sama', 'lagi', 'flashsale', 'langsung', 'beli']"
191,makasiihh,Positif,terima kasih,"['terima', 'kasih']"
192,makasih,Netral,terima kasih,"['terima', 'kasih']"
193,makasiihh tp tumben ga ada gift nya,Netral,terima kasih tapi tumben enggak ada gift nya,"['terima', 'kasih', 'tapi', 'tumben', 'enggak', 'ada', 'gift', 'nya']"
194,tipe kulitku berminyak masalah kulitku jerawat semoga cocok sama rangkaian ini terimakasih,Netral,tipe kulitku berminyak masalah kulitku jerawat semoga cocok sama rangkaian ini terima kasih,"['tipe', 'kulitku', 'berminyak', 'masalah', 'kulitku', 'jerawat', 'semoga', 'cocok', 'sama', 'rangkaian', 'ini', 'terima', 'kasih']"
195,stlh semingguan pke muka jd bruntusan gtw emng efek samping pemakaian ato emng ga cocok,Netral,setelah semingguan pakai muka jadi bruntusan enggak tau memang efek samping pemakaian atau memang enggak cocok,"['setelah', 'semingguan', 'pakai', 'muka', 'jadi', 'bruntusan', 'enggak', 'tau', 'memang', 'efek', 'samping', 'pemakaian', 'atau', 'memang', 'enggak', 'cocok']"
196,bagus,Positif,bagus,['bagus']
197,pengirimannya cukup cepat dan barang yg dikirimkan sesuai pesanan expired datenya dan,Positif,pengirimannya cukup cepat dan barang yang dikirimkan sesuai pesanan expired datenya dan,"['pengirimannya', 'cukup', 'cepat', 'dan', 'barang', 'yang', 'dikirimkan', 'sesuai', 'pesanan', 'expired', 'datenya', 'dan']"
198,cocok dikulit saya ngak kering atau ketarik pengiriman cepet mantull,Positif,cocok dikulit saya enggak kering atau tertarik pengiriman cepat mantap,"['cocok', 'dikulit', 'saya', 'enggak', 'kering', 'atau', 'tertarik', 'pengiriman', 'cepat', 'mantap']"
199,lipstiknya mudah patah saran kalau pakai jangan diulur terlalu panjang,Positif,lipstiknya mudah patah saran kalau pakai jangan diulur terlalu panjang,"['lipstiknya', 'mudah', 'patah', 'saran', 'kalau', 'pakai', 'jangan', 'diulur', 'terlalu', 'panjang']"
200,barang lengkap packing aman dan rapi belum coba productnya semoga cocok tipe kulitku normal,Positif,barang lengkap packing aman dan rapi belum coba productnya semoga cocok tipe kulitku normal,"['barang', 'lengkap', 'packing', 'aman', 'dan', 'rapi', 'belum', 'coba', 'productnya', 'semoga', 'cocok', 'tipe', 'kulitku', 'normal']"
201,bacanya review nya bagus mudahan jg cocok terima kasih bonusnya pas banget pas lagi butuh,Positif,bacanya review nya bagus mudahan juga cocok terima kasih bonusnya pas banget pas lagi butuh,"['bacanya', 'review', 'nya', 'bagus', 'mudahan', 'juga', 'cocok', 'terima', 'kasih', 'bonusnya', 'pas', 'banget', 'pas', 'lagi', 'butuh']"
202,cocok dikulit sebelum pakai jerawat biji di pipi agak meradang malam dikasih besoknya udh mendingan dan kempes,Netral,cocok dikulit sebelum pakai jerawat biji di pipi agak meradang malam dikasih besoknya sudah mendingan dan kempes,"['cocok', 'dikulit', 'sebelum', 'pakai', 'jerawat', 'biji', 'di', 'pipi', 'agak', 'meradang', 'malam', 'dikasih', 'besoknya', 'sudah', 'mendingan', 'dan', 'kempes']"
203,sebenarnya bagus tapi di aq jatuhnya bikin bibir agak kering walaupun sebelum pake lipstick udh pakai lipbalm warnanya pigmented bgt merah queennya bagus bgt,Netral,sebenarnya bagus tapi di aku jatuhnya bikin bibir agak kering walaupun sebelum pakai lipstick sudah pakai lipbalm warnanya pigmented banget merah queennya bagus banget,"['sebenarnya', 'bagus', 'tapi', 'di', 'aku', 'jatuhnya', 'bikin', 'bibir', 'agak', 'kering', 'walaupun', 'sebelum', 'pakai', 'lipstick', 'sudah', 'pakai', 'lipbalm', 'warnanya', 'pigmented', 'banget', 'merah', 'queennya', 'bagus', 'banget']"
204,exp date msh lama pengirimannya jg cepat dapet diskonnya lumayan lagi thanks somethinc,Positif,exp date masih lama pengirimannya juga cepat dapat diskonnya lumayan lagi thanks somethinc,"['exp', 'date', 'masih', 'lama', 'pengirimannya', 'juga', 'cepat', 'dapat', 'diskonnya', 'lumayan', 'lagi', 'thanks', 'somethinc']"
205,semoga cocok di kulitku yg sensitif ini karna banyak tmn yg rekomen coba ini jadi lgsg aku checkout,Positif,semoga cocok di kulitku yang sensitif ini karena banyak teman yang rekomen coba ini jadi langsung aku checkout,"['semoga', 'cocok', 'di', 'kulitku', 'yang', 'sensitif', 'ini', 'karena', 'banyak', 'teman', 'yang', 'rekomen', 'coba', 'ini', 'jadi', 'langsung', 'aku', 'checkout']"
206,belum dicoba smg cocok,Netral,belum dicoba semoga cocok,"['belum', 'dicoba', 'semoga', 'cocok']"
207,paket aman semoga cocok,Positif,paket aman semoga cocok,"['paket', 'aman', 'semoga', 'cocok']"
208,tipe kulitku berminyak tipe kulitku kering tipe kulitku normal tipe kulitku kombinasi tipe kulitku sensitif masalah kulitku jerawat,Netral,tipe kulitku berminyak tipe kulitku kering tipe kulitku normal tipe kulitku kombinasi tipe kulitku sensitif masalah kulitku jerawat,"['tipe', 'kulitku', 'berminyak', 'tipe', 'kulitku', 'kering', 'tipe', 'kulitku', 'normal', 'tipe', 'kulitku', 'kombinasi', 'tipe', 'kulitku', 'sensitif', 'masalah', 'kulitku', 'jerawat']"
209,kiriman cepat packing bagus,Positif,kiriman cepat packing bagus,"['kiriman', 'cepat', 'packing', 'bagus']"
210,sesuai dengan deskripsi,Positif,sesuai dengan deskripsi,"['sesuai', 'dengan', 'deskripsi']"
211,ingredients nya bikin penasaran jd pengen cobain sejauh ini selalu repurchase produk avo dan selalu cocok aaaa,Positif,ingredients nya bikin penasaran jadi pengin mencoba sejauh ini selalu repurchase produk avo dan selalu cocok aaaa,"['ingredients', 'nya', 'bikin', 'penasaran', 'jadi', 'pengin', 'mencoba', 'sejauh', 'ini', 'selalu', 'repurchase', 'produk', 'avo', 'dan', 'selalu', 'cocok', 'aaaa']"
212,pengirimannya lama bgt tolong diganti kurirny,Negatif,pengirimannya lama banget tolong diganti kurirnya,"['pengirimannya', 'lama', 'banget', 'tolong', 'diganti', 'kurirnya']"
213,pengemasan okeyy semoga cocok,Positif,pengemasan oke semoga cocok,"['pengemasan', 'oke', 'semoga', 'cocok']"
214,ok semoga cocok,Netral,ok semoga cocok,"['ok', 'semoga', 'cocok']"
215,bintang karena pertamanya dikirimin yg expired sedangkan pembelian harga normal sebelum beli sudah chat tanya perbedaan harga normal dan sale sale expired dan normal expired walaupun akhirnya bisa return dan ganti yg expired tp proses return nya itu ribet bgt terutama pihak expedisi sicepat yg tdk segera pick up sampai hari maksudnya kalau dr awal teliti saya ga perlu buang waktu untuk ngurusin return nya semoga kedepannya makin teliti yaa untuk packing sudah aman bagus admin juga responsive thank you,Negatif,bintang karena pertamanya dikirimin yang expired sedangkan pembelian harga normal sebelum beli sudah chat tanya perbedaan harga normal dan sale sale expired dan normal expired walaupun akhirnya bisa return dan ganti yang expired tapi proses return nya itu ribet banget terutama pihak expedisi sicepat yang tidak segera pick up sampai hari maksudnya kalau dari awal teliti saya enggak perlu buang waktu untuk mengurusi return nya semoga kedepannya makin teliti ya untuk packing sudah aman bagus admin juga responsive thank you,"['bintang', 'karena', 'pertamanya', 'dikirimin', 'yang', 'expired', 'sedangkan', 'pembelian', 'harga', 'normal', 'sebelum', 'beli', 'sudah', 'chat', 'tanya', 'perbedaan', 'harga', 'normal', 'dan', 'sale', 'sale', 'expired', 'dan', 'normal', 'expired', 'walaupun', 'akhirnya', 'bisa', 'return', 'dan', 'ganti', 'yang', 'expired', 'tapi', 'proses', 'return', 'nya', 'itu', 'ribet', 'banget', 'terutama', 'pihak', 'expedisi', 'sicepat', 'yang', 'tidak', 'segera', 'pick', 'up', 'sampai', 'hari', 'maksudnya', 'kalau', 'dari', 'awal', 'teliti', 'saya', 'enggak', 'perlu', 'buang', 'waktu', 'untuk', 'mengurusi', 'return', 'nya', 'semoga', 'kedepannya', 'makin', 'teliti', 'ya', 'untuk', 'packing', 'sudah', 'aman', 'bagus', 'admin', 'juga', 'responsive', 'thank', 'you']"
216,packing aman dan expired masih lama,Positif,packing aman dan expired masih lama,"['packing', 'aman', 'dan', 'expired', 'masih', 'lama']"
217,huhu serum nya udah dateng cepet banget pengiriman beli dapet harga diskon baru pertama pakai ini semoga cocok di muka ku tipe kulitku normal,Positif,huhu serum nya sudah datang cepat banget pengiriman beli dapat harga diskon baru pertama pakai ini semoga cocok di muka ku tipe kulitku normal,"['huhu', 'serum', 'nya', 'sudah', 'datang', 'cepat', 'banget', 'pengiriman', 'beli', 'dapat', 'harga', 'diskon', 'baru', 'pertama', 'pakai', 'ini', 'semoga', 'cocok', 'di', 'muka', 'ku', 'tipe', 'kulitku', 'normal']"
218,tipe kulitku sensitif,Netral,tipe kulitku sensitif,"['tipe', 'kulitku', 'sensitif']"
219,ini kenapa paket saya di lempar sama kurir ya ud jelas jelas ada tulisan fragile di dusnya,Negatif,ini kenapa paket saya di lempar sama kurir ya sudah jelas jelas ada tulisan fragile di dusnya,"['ini', 'kenapa', 'paket', 'saya', 'di', 'lempar', 'sama', 'kurir', 'ya', 'sudah', 'jelas', 'jelas', 'ada', 'tulisan', 'fragile', 'di', 'dusnya']"
220,barang sudah sampai baru pertama kali mencoba semoga cocok,Netral,barang sudah sampai baru pertama kali mencoba semoga cocok,"['barang', 'sudah', 'sampai', 'baru', 'pertama', 'kali', 'mencoba', 'semoga', 'cocok']"
221,serum terbaik buat memperbaiki skin barier yg rusak pake serum ini sejak dan hasilnya jerawatku ga pernah muncul lagi dan kulitku jd ga pernah rewel lagi please jangan sampe ga produksi lagi serum ini karena udah jd pk kulit aku,Positif,serum terbaik buat memperbaiki skin barier yang rusak pakai serum ini sejak dan hasilnya jerawatku enggak pernah muncul lagi dan kulitku jadi enggak pernah rewel lagi please jangan sampai enggak produksi lagi serum ini karena sudah jadi pakai kulit aku,"['serum', 'terbaik', 'buat', 'memperbaiki', 'skin', 'barier', 'yang', 'rusak', 'pakai', 'serum', 'ini', 'sejak', 'dan', 'hasilnya', 'jerawatku', 'enggak', 'pernah', 'muncul', 'lagi', 'dan', 'kulitku', 'jadi', 'enggak', 'pernah', 'rewel', 'lagi', 'please', 'jangan', 'sampai', 'enggak', 'produksi', 'lagi', 'serum', 'ini', 'karena', 'sudah', 'jadi', 'pakai', 'kulit', 'aku']"
222,mencari alternatif ingredients yang bisa menyamarkan bekas jerawat aku karena ga cocok sama vit  niacin dan alpha arbutin,Netral,mencari alternatif ingredients yang bisa menyamarkan bekas jerawat aku karena enggak cocok sama vit  niacin dan alpha arbutin,"['mencari', 'alternatif', 'ingredients', 'yang', 'bisa', 'menyamarkan', 'bekas', 'jerawat', 'aku', 'karena', 'enggak', 'cocok', 'sama', 'vit', 'niacin', 'dan', 'alpha', 'arbutin']"
223,dulu udh pernah make dan ngefek bgt ke kulit bikin jd lembab dan gak beruntusan tp dibarengin sm refining tonernya jg,Positif,dulu sudah pernah memakai dan ngefek banget ke kulit bikin jadi lembab dan enggak beruntusan tapi dibarengin sama refining tonernya juga,"['dulu', 'sudah', 'pernah', 'memakai', 'dan', 'ngefek', 'banget', 'ke', 'kulit', 'bikin', 'jadi', 'lembab', 'dan', 'enggak', 'beruntusan', 'tapi', 'dibarengin', 'sama', 'refining', 'tonernya', 'juga']"
224,pesan tanggal dikirim tanggal padahal tgl sdh harus dibawa terbang kecewa karena sdh dua kali mendapatkan pelayanan yg kurang menyenangkan padahal produk bagus dan sdh menjadi pengguna tetap avoskin,Negatif,pesan tanggal dikirim tanggal padahal tanggal sudah harus dibawa terbang kecewa karena sudah dua kali mendapatkan pelayanan yang kurang menyenangkan padahal produk bagus dan sudah menjadi pengguna tetap avoskin,"['pesan', 'tanggal', 'dikirim', 'tanggal', 'padahal', 'tanggal', 'sudah', 'harus', 'dibawa', 'terbang', 'kecewa', 'karena', 'sudah', 'dua', 'kali', 'mendapatkan', 'pelayanan', 'yang', 'kurang', 'menyenangkan', 'padahal', 'produk', 'bagus', 'dan', 'sudah', 'menjadi', 'pengguna', 'tetap', 'avoskin']"
225,bagus sih produknya cocok cuma sedikit kecewa packagingnya kurang aman gak ada bublewrapnya padahal perjalanan jauh dari sidoarjo sampe jakarta,Negatif,bagus sih produknya cocok cuma sedikit kecewa packagingnya kurang aman enggak ada bublewrapnya padahal perjalanan jauh dari sidoarjo sampai jakarta,"['bagus', 'sih', 'produknya', 'cocok', 'cuma', 'sedikit', 'kecewa', 'packagingnya', 'kurang', 'aman', 'enggak', 'ada', 'bublewrapnya', 'padahal', 'perjalanan', 'jauh', 'dari', 'sidoarjo', 'sampai', 'jakarta']"
226,pengirimannya pake sicepat tapi sangat lambat  udh ada  gudang tgl baru diantar ke rmh tgl sayang banget ga sesuai nama,Negatif,pengirimannya pakai sicepat tapi sangat lambat  sudah ada  gudang tanggal baru diantar ke rumah tanggal sayang banget enggak sesuai nama,"['pengirimannya', 'pakai', 'sicepat', 'tapi', 'sangat', 'lambat', 'sudah', 'ada', 'gudang', 'tanggal', 'baru', 'diantar', 'ke', 'rumah', 'tanggal', 'sayang', 'banget', 'enggak', 'sesuai', 'nama']"
227,paket diterima dengan keadaan baik,Positif,paket diterima dengan keadaan baik,"['paket', 'diterima', 'dengan', 'keadaan', 'baik']"
228,baru pertama pakai semoga cocok yah min tipe kulitku berminyak tipe kulitku kombinasi,Netral,baru pertama pakai semoga cocok ya min tipe kulitku berminyak tipe kulitku kombinasi,"['baru', 'pertama', 'pakai', 'semoga', 'cocok', 'ya', 'min', 'tipe', 'kulitku', 'berminyak', 'tipe', 'kulitku', 'kombinasi']"
229,fast respon,Positif,fast respon,"['fast', 'respon']"
230,niceeeee,Positif,nice,['nice']
231,worth the price pcs dapat harga  cashback ,Netral,worth the price pcs dapat harga  cashback ,"['worth', 'the', 'price', 'pcs', 'dapat', 'harga', 'cashback']"
232,thx ya,Positif,thanks ya,"['thanks', 'ya']"
233,packing aman banget semoga cocok,Positif,packing aman banget semoga cocok,"['packing', 'aman', 'banget', 'semoga', 'cocok']"
234,alhamdulillah aku cocok pakai azarine kulit wajah ku perlahan teratasi dgn azarine thanks azarine,Positif,alhamdulillah aku cocok pakai azarine kulit wajah ku perlahan teratasi dengan azarine thanks azarine,"['alhamdulillah', 'aku', 'cocok', 'pakai', 'azarine', 'kulit', 'wajah', 'ku', 'perlahan', 'teratasi', 'dengan', 'azarine', 'thanks', 'azarine']"
235,repurchased nda bikin kusam affordable,Netral,repurchased indak bikin kusam affordable,"['repurchased', 'indak', 'bikin', 'kusam', 'affordable']"
236,isinya dikit banget sampe bingung kirain ga ada isinya,Negatif,isinya dikit banget sampai bingung mengira enggak ada isinya,"['isinya', 'dikit', 'banget', 'sampai', 'bingung', 'mengira', 'enggak', 'ada', 'isinya']"
237,ringan di kulit warna pas,Netral,ringan di kulit warna pas,"['ringan', 'di', 'kulit', 'warna', 'pas']"
238,cepet nyampenyaa ringan sesuai namanya tinted sunscreen tapi masih bisa buat nutupin kemerahan aku sebelumnya nyoba shade nina tapi malah jadi kusem dan kuning akhirnya nyoba shade butter dan pass,Netral,cepat sampai ringan sesuai namanya tinted sunscreen tapi masih bisa buat menutupi kemerahan aku sebelumnya mencoba shade nina tapi malah jadi kusam dan kuning akhirnya mencoba shade butter dan pas,"['cepat', 'sampai', 'ringan', 'sesuai', 'namanya', 'tinted', 'sunscreen', 'tapi', 'masih', 'bisa', 'buat', 'menutupi', 'kemerahan', 'aku', 'sebelumnya', 'mencoba', 'shade', 'nina', 'tapi', 'malah', 'jadi', 'kusam', 'dan', 'kuning', 'akhirnya', 'mencoba', 'shade', 'butter', 'dan', 'pas']"
239,cepet nyampenyaa teksturnya agak creamy smugeproof juga lohh tp warnanya agak kurang pigment,Negatif,cepat sampai teksturnya agak creamy smugeproof juga loh tapi warnanya agak kurang pigment,"['cepat', 'sampai', 'teksturnya', 'agak', 'creamy', 'smugeproof', 'juga', 'loh', 'tapi', 'warnanya', 'agak', 'kurang', 'pigment']"
240,teksturnya ringan mudah menyerap kulit udh ada spf nya jd kl dipake daily pun ok wlwpn ga full coverage tp bisa menutupi warna tdk merata dimuka bakalan repurchase ini,Negatif,teksturnya ringan mudah menyerap kulit sudah ada spf nya jadi kalo dipakai daily pun ok walaupun enggak full coverage tapi bisa menutupi warna tidak merata dimuka bakalan repurchase ini,"['teksturnya', 'ringan', 'mudah', 'menyerap', 'kulit', 'sudah', 'ada', 'spf', 'nya', 'jadi', 'kalo', 'dipakai', 'daily', 'pun', 'ok', 'walaupun', 'enggak', 'full', 'coverage', 'tapi', 'bisa', 'menutupi', 'warna', 'tidak', 'merata', 'dimuka', 'bakalan', 'repurchase', 'ini']"
241,pengiriman cepat packing oke thanks,Netral,pengiriman cepat packing oke thanks,"['pengiriman', 'cepat', 'packing', 'oke', 'thanks']"
242,suka sm warnanya next order warna lain,Netral,suka sama warnanya next order warna lain,"['suka', 'sama', 'warnanya', 'next', 'order', 'warna', 'lain']"
243,tipe kulitku berminyak alhamdulillah cocok thanks,Netral,tipe kulitku berminyak alhamdulillah cocok thanks,"['tipe', 'kulitku', 'berminyak', 'alhamdulillah', 'cocok', 'thanks']"
244,beli serum ini pas dapet harga flash sale lumayan banget diskonnya packing oke pengiriman lumayan cepat produknya belum dicoba jadi belum bisa kasi nilai,Positif,beli serum ini pas dapat harga flash sale lumayan banget diskonnya packing oke pengiriman lumayan cepat produknya belum dicoba jadi belum bisa kasih nilai,"['beli', 'serum', 'ini', 'pas', 'dapat', 'harga', 'flash', 'sale', 'lumayan', 'banget', 'diskonnya', 'packing', 'oke', 'pengiriman', 'lumayan', 'cepat', 'produknya', 'belum', 'dicoba', 'jadi', 'belum', 'bisa', 'kasih', 'nilai']"
245,jujur buat aku gak cocok tapi aku gapaham skincare dan cenderung asal beli cuma sepertinya ini works deh kalo emanh cocok tipe kulitnya feel dimukanya setelah dipake agak lengket menurut aku jadi gabisa tidur miring trus bukan tipe skincare yang kalo kena angin adem mukanya cuma yaudah salahku,Negatif,jujur buat aku enggak cocok tapi aku gapaham skincare dan cenderung asal beli cuma sepertinya ini works deh kalo memang cocok tipe kulitnya feel dimukanya setelah dipakai agak lengket menurut aku jadi enggak bisa tidur miring terus bukan tipe skincare yang kalo kena angin adem mukanya cuma yaudah salahku,"['jujur', 'buat', 'aku', 'enggak', 'cocok', 'tapi', 'aku', 'gapaham', 'skincare', 'dan', 'cenderung', 'asal', 'beli', 'cuma', 'sepertinya', 'ini', 'works', 'deh', 'kalo', 'memang', 'cocok', 'tipe', 'kulitnya', 'feel', 'dimukanya', 'setelah', 'dipakai', 'agak', 'lengket', 'menurut', 'aku', 'jadi', 'enggak', 'bisa', 'tidur', 'miring', 'terus', 'bukan', 'tipe', 'skincare', 'yang', 'kalo', 'kena', 'angin', 'adem', 'mukanya', 'cuma', 'yaudah', 'salahku']"
246,hasil akhir bagus kaya kulit kita tapi bersi yg sehat,Negatif,hasil akhir bagus kayak kulit kita tapi bersih yang sehat,"['hasil', 'akhir', 'bagus', 'kayak', 'kulit', 'kita', 'tapi', 'bersih', 'yang', 'sehat']"
