review_tokens,Sentimen
kecewa banget saya pesan yang free pouch tapi dikirimnya cotton pad kaget pas unboxing untung di videokan segera kabarin customer servicenya dan disuruh isi googleform untuk dikirimkan ulang pouchnya setelah hari enggak ada kabar akhirnya saya tanya lagi dan hanya dikabari kalau stock pouch ternyata sudah habis padahal baik baik dan sabar mengikuti prosedur dari customer service karena masih berpikiran positif ternyata begini caranya ya,Negatif
kali ini pengemasan tidak safe sepertinya tutup botol tidak kencang sehingga toner merembes keluar sampai dus basah saya memang tidak membuat video unboxing karena saya selalu mendapat produk dan packaging yang bagus dari avoskin saya kira dus basah karena hujan pas dibuka ternyata botol sudah kosong semoga mendapat tanggapan dari avoskin,Negatif
paket datangnya barang sudah pecah dan saya return ke seller sudah ikuti komplain proses dan lain sebagainya tapi malah akhirnya tiba seakan akan pesanan selesai saya terima barang dan uangnya dilepas ke seller saya kecewa sekali dan jadi agak trauma untuk beli barang kesini chat seller untuk nanyain barang sudah diterima tapi dijawab formalitas saja baru kali ini saya belanja barang tidak diterima tapi uang tidak kembali mungkin uangnya enggak seberapa cuman karena responsnya yang mengecewakan mohon improvement untuk selanjutnya thanks,Negatif
enggak ada sabun nya enggak sesuai deskripsi,Negatif
enggak sesuai harapan,Negatif
bagus banget buat kulit oily menghilangkan bruntusan dan mengecilkan pori,Positif
enggak perlu diragukan lagi sih ini produk worth tapi buy pengiriman cepat packagingnya yang super aman thanks seller,Positif
barang diterima dengan baik dan expired lah,Positif
baru mencoba,Netral
mudah mudahan cocok karena reviewnya bagus,Netral
mantap,Positif
bismillah semoga cocok,Positif
kecewa banget pokoknya,Negatif
kecewa pengiriman lama wajah jadi breakout enggak tau harus bagaimana lagi enggak mengerti,Negatif
ok semoga cocok,Positif
ok belum dicoba,Netral
sudah langganan karena cocok pakai serum ini thanks seller,Positif
serumnya benar benar cair banget ini pemakaian selama hari tapi belum berasa banget efeknya,Netral
mantap pakai banget tapi perjalanan pengiriman lama banget,Netral
belum dicoba ngabisin dulu yang lain next bakal review kalo ada hasilnya,Netral
cocok banget buat oily skin kayak aku,Positif
baru sekali pakai sudah kerasa halus dimuka,Positif
barangnya enggak pernah sampai dari tanggal karena hilang kesalahan anteraja jadi enggak tau harus review apa,Netral
beli ini beserta skin care yang lain nya tapitidak pernah menerima sheet mask ini complaint lama banget dan ujung ujung nya tidak bisa ditindak lanjuti kecewa banget,Negatif
harusnya dapat free sesuai jam ordernya sudah buru cekout biar enggak habis pesanan yang datang cuma produk nya free nya enggak dapat asli kecewa dan baru ngalamin yang beginian,Negatif
melembabkan banget teksturnya kental tapi cepat banget nyerepnya,Netral
packaging nya jelek banget ini sih kayak nya ada oknum yang mau ngambil barangnya kardusnya di buka di bagian samping yang enggak di segel tolong next nya packing lebih baik lagi,Negatif
tertipu tidak ada gratis hadiah sarung seperti di gambar,Negatif
dijanjikan expired tahu tapi dapetnya bulan,Negatif
pesan masker yang dikirim my bad enggak di video unboxing nya tapi kecewa banget bisa lalai banget team packing nya please kerja yang fokus dan benar biar customer enggak dirugikan begini enggak semua orang sempat bikin video unboxing begitu so sorry kasih bintang karena benaran kecewa buat customer yang lain kalo baca ini please be more careful ya kalo pesan disini sesibuk apapun sempetin video unboxing,Negatif
bahan ringan semoga cocok,Positif
tipe kulitku berminyak,Netral
ringan banget dibibir lup lup dah buat azarine,Netral
no review found,Netral
kali ini paket white series yang datang cuman harusnya sudah komplain tapi enggak direspon sama sekali pantas didalam paket ada kertas cara mengajukan komplain ternyata memang enggak beres isinya,Negatif
tidak sampai barang nya,Negatif
bikin bruntusan yang geleuh muka jadi kelihatan dan kerasa kotor banget ewh sudah pakai sunscreen dan toner yang soft light begitu no deh benar kata orang ini buat kulit sensitif dan kering jangan pakai akhirnya buat tangan dan area tubuh yang gelap saja deh,Negatif
serumnya enggak dikirim,Negatif
baru pertama coba dan sudah dipakai beberapa hari sunscreennya bagus banget cocok buat acne face ku enggak lengket sama sekali,Positif
love banget terima kasih azarine tadinya beli karena dapat pc tapi ternyata memang bagus banget velvety lippie cream nya dan walau enggak cocok warm tone ini bagus banget di aku,Positif
pertama kali coba belum tau sih,Netral
realpict sukses selalu seller,Positif
semua ok cuma kaya nya kulitku yang enggak cocok sama sunscreennya merasa lengket banget makenya so sorry,Netral
baru pertama coba semoga cocok pengemasan cepat dan aman pengiriman cepat,Positif
saya pesan dua paket twin pack dan lagi yang ini harusanya saya terima produk tapi saya hanya terima saya tidak sempat melakukan video unboxing jadi tadi bisa klaim mohon untuk setelahnya lebih berhati dan memperhatikan produk yang akan dikirim apa sudah sesuai dengan pesanan atau belum,Negatif
pelayanan admin nya jelek,Negatif
agak kesel ya aku sudah menunggu barangnya dan yang datang salah dong produknya mana di bungkusnya sesuai sama produk yang aku pesan alhasil aku buka tanpa di video tolong banget kalau semisal packing di cek dulu jangan salah kirim kayak begini selain rugi di harga aku juga jadi kehilangan kepercayaan sama ini toko mana lama juga mana ini fotonya enggak bisa dilampirkan pula ada tulisan ada gangguan di rumah toped enggak tau deh serah di cek saja di data gudang seharusnya data pembelian dan produk yang ada di gudang jumlahnya beda,Negatif
barang yang dikirim cuman harusnya karena saya beli twin pack,Negatif
saya sudah pakai harian di wajah saya jadi berminyak merah dan jadi beruntusan,Negatif
sesuai deskripsi,Positif
tipe kulitku berminyak masalah kulitku jerawat masalah kulitku pori besar,Netral
agak kecewa sama pengemasannya kardusnya peyok dalemnya enggak ada bubble wrap biasanya ada bubble wrap nya untung paketnya aman,Negatif
tipe kulitku kering,Netral
ini pertama kalinya saya tidak menerima barang pesanan saya secara lengkap sayangnya saya tidak melakukan video unboxing,Negatif
beli tanggal mei chat admin katanya tanggal bisa dikirim tapi sampai sudah mau batal otomatis baru dikirim sampai di rumah tanggal malam padahal mau dibawa ke luar kota tanggal mei karena melihat status enggak dikirim akhirnya beli sama reseller di jakarta kecewa baru pertama kali pesan di official store tapi pelayanan buruk dan pengiriman lama barang yang dikirim sesuai hanya tidak ada box atau bubble wrap kalo yang butuh cepat tolong pertimbangkan untuk beli di official store,Negatif
sudahlah prosesnya lama banget yang dikirim enggak lengkap juga bilang dong kalo brgnya kosong enggak bisa kasih review karena saya enggak terima barang ini,Negatif
saya kira membeli dari toko official bisa dapat pengemasan lebih baik saya terima kondisi kotak kemasan prpduk terbuka dan saya tanya chat penjual tidak direspond dengan cepat tidak ada isi yang tumpah cuma berharap kotak kemasan dari azarine bisa lebih baik lagi saya bisa kirim video unboxing,Negatif
tiap belanja pasti salah kalo enggak kurang barangnya ya salah barangnya ikhlasin saja semoga berkah kalo produknya cocok pelayanan nya saja kurang atau butuh karyawan,Negatif
pelayanannya jelek banget,Negatif
exp panjang thanks,Negatif
dapat tekstur sudah keras dan menggumpal,Negatif
diterima dalam keaadan bocor seperti bekas lubang paku jadi isinya tumpah jadi aku lem biar isinya enggak tumpah baru pertama belanja disini malah kecewa padahal official store malas saja mau complain entar lama lagi prosesnya,Negatif
teksturnya kental banget di aku kurang ngefek sih probably enggak beli lagi,Negatif
botol semprotnya suka ngawur arahnya,Netral
produk bagus sering repurchase tapi suka kesel sama pumpnya isi masih banyak tapi enggak keluar di pump susah kali pump nya,Netral
sudah sering pakai ini isinya banyak dan bahannya enggak neko fokus melembabkan,Positif
tekstur ringan pengiriman cepat,Positif
respon toko nya cepat dan ramah belum dicoba mudah mudahan cocok,Positif
sudah langganan selalu beli disini,Positif
tutup pumpnya enggak bisa berfungsi tapi ok gentle banget washnya,Positif
face wash enak sih dipakai nya terus banyak busa nya jadi pakai sedikit saja tuh sudah bisa full semuka sampai ke leher cocok banget buat kulitku yang sensitif,Positif
material bagus packaging aman enggak bocor tekstur gel langsung meresap aman dari fragrance packaging pump juga hygenis semoga kulit sensitif saya cocok terima kasih ya,Positif
bagus pasti ro,Positif
bagus bagus cocok,Positif
dapat bonus,Positif
dikasih free gift juga keren,Positif
sebenarnya aku suka banget produknya meresapnya cepat banget ke kulit enggak lengket dan greasy nyaman daan kebetulan cocok karena bekas jerawatku memang jadi lebih memudar tidak hilang begitu saja dan tentunya butuh prosesnya ya bestie tapiii yang menurutku skin game harus perhatikan lagi adalah pemilihan packaging pump nya agak keras lalu produk yang keluar malah jadi loncat dan banyak terbuang entah di leher botol atau terjun bebas sedih hiks mungkin jika ada konsiderasi untuk improve pump nya aku akan kasih bintang,Positif
maaf banget tapi ini susah banget diratainnya dan whitecast parah bikin kulit jadi kering banget,Negatif
warna nya kuning entah karena apa,Netral
habis pakai ini besokannya langsung muncul banyak jerawat kecil,Negatif
isinya berantakan,Negatif
bikin aku jerawatan,Negatif
produk belum dicoba pengiriman tidak menggunakan bubble wrap hanya produk dan kotak pengiriman saat dibuka botol terasa panas mungkin karena tidak di lapisi bubble wrap jadi langsung terpapar sinar matahari saat pengiriman semoga produk masih efektif kandungannya,Negatif
selangnya sependek apa sih sampai dia hilang kebawah wtf annoying banget pakenya bagaimana coba sudah aku cari tapi enggak ada selangnya pakai tube ajalah kalo pakai packaging kayak begini bermasalah mulu sayang banget padahal formulanya sebagus itu tapi kalo packagingnya begini sih big no deh,Negatif
ini parah banget seller dan pengiriman kurir sudah lama banget kirimnya plus waktu sampai dibuka paketnya rusak enggak jelas ini seller tidak professional dan tidak niat jualan sama sekali meskipun official store tolong hargai customer dengan dapat membungkus paket dengan baik dan benar,Negatif
untuk packaging suka banget dan pengeriman juga cepat cuman sorry banget kayaknya memang enggak cocok di aku kayak langsung jerawatan besar begitu,Netral
warnanya kuning kiri padahal baru dibuka punya saya sudah pemakaian bulan kanan masih bening,Negatif
benar jadi geprek enggak pakai bubble wrap sama sekali hancur semua,Negatif
belum coba pertama kali beli semoga cocok bintang ini diberikan untuk respon admin dan pengantaran pesanan yang baik dan cepat,Positif
fast response on time delivery,Positif
belum coba semoga cocok,Positif
tipe kulitku berminyak masalah kulitku pori besar,Netral
semoga cocok terima kasih bonusnya,Positif
barang tidak saya terima sampai sekarang kurir ditanya balesnya lama karena pengiriman dipindahtangankan sama kurir pertama kecewa saya padahal alamat sudah sesuai dan biasanya begini tolong kak dikomplain bagian ekspedisi pengirimannya terima kasih,Negatif
enggak cocok mukaku tambah jerawat parah,Negatif
hadiahnya bohongan,Negatif
berbohong,Negatif
baru mau coba semoga cocok tipe kulitku kombinasi masalah kulitku jerawat,Positif
oke,Positif
tipe kulitku kering tipe kulitku normal,Netral
pertama kali mencoba dengan warna kulit saya yang cenderung agak gelap awalnya saya pikir bakal jomplang pas dipakai tapi ternyata blend banget sama kulit warnanya jadi agak lebih cerah tapi bukan jadi tone up juga teksturnya kaya foundy cair cepat nyerap awalnya kaya mate pas sudah kering tapi lama jadi glow up,Positif
sepertinya sudah botol ke apa begitu secocok itu dikulit saya yang normal cenderung kering enaknya karena enggak ada white cast atau tone up jadi enggak berasa cemong dikulit saya yang putih,Positif
botol kedua enak dikulit gampang menyerap enggak ada masalah ke kulitnya mantap,Positif
produk tapi beda isi cairannya customer service ditanya enggak membantu bertele tele,Negatif
kecewa karena isi tidak full seperti saya beli di tempat lain,Negatif
terpaksa kasih penilaian jelek untuk admin al el ve yang handle chat karena balasnya asal dan tidak menjawab konsultasi customer dengan baik pertanyan dan jawabannya tidak sesuai asal balas tanpa membaca permasalahan pembeli,Negatif
baru coba semoga cocok recommended seller,Positif
pertama kali mencoba tinted sunscreen mudahan cocok dan enggak oksidasi sesuai klaimnya packing aman kardus ditambah bubble wrap tebal mantap,Positif
pesan barang paket lengkap yang datang hanya paket,Positif
lebih baik sabtu minggu tetap di proses walau kirim nya weekday padahal online enggak tahu real orang chat bot bikin insecure,Negatif
lemot responnya,Negatif
wtf pas buka tutupnya ternyata yang keputer malah ke tempat moisturizernya langsung tumpah setengah,Negatif
isi tidak sesuai,Negatif
thanks,Positif
well received thanks,Positif
barang sampai dengan aman cuma di aku agak ke abuan dikit tapi masih bisa ditoleransi thanks ya,Positif
produknya biasa saja tapi yang paling parah pelayanannya sangat tidak memuaskan tidak helpfull tidak customer oriented hati kalau belanja disini kesalahan sedikit saja bakal fatal,Negatif
katanya check out jam dapat lama taunya enggak berbohong banget buat yang mau check out jangan percaya ya,Negatif
kecewa pesanan saya dibatalkan yang lain tidak akan pernah mau beli lagi terima kasih alasan saya beli di toko ini adalah karena harga dari pusat normal sedangkan beli di reseller harga melambung jauh sampai ribu kecewa sudah ganti produk eye care lain terima kasih saya beli tetapi dibatalkan sama somethinc jahat banget pesannya pakai usaha juga kalau tidak beli eye game changer ini di sini mau beli dimana lagi di stockist harganya beda ribu ribu terima kasih belum lagi kadang pre order sungguh kecewa saya beli di official mana pun bisa beli banyak terima kasih,Negatif
itu beautiful package bintang buat safety nya,Positif
pengiriman agak lama karena beda provinsi tapi gapapa packingnya aman banget semoga cocok dan bisa memperbaiki kulit aku tipe kulitku berminyak,Negatif
top,Positif
tipe kulitku berminyak tipe kulitku kering tipe kulitku normal tipe kulitku kombinasi masalah kulitku kerutan masalah kulitku jerawat masalah kulitku pori besar tipe kulitku sensitif,Positif
exp,Positif
pertama banget dulu sih beli bagus banget ya di muka waktu itu kemasan masih biru mungkin sekitar tahun yang lalu masih belum viral perskincare an semenjak hamil sudah stop pakai produk bayi saja ini mau coba lagi karena kangen sensasinya waktu memakai dulu memang feelnya beda tapi semoga ngaruh di jerawat yang suka muncul tiba tiba,Netral
tipe kulitku berminyak tipe kulitku normal tipe kulitku kering tipe kulitku kombinasi masalah kulitku jerawat masalah kulitku kerutan masalah kulitku pori besar tipe kulitku sensitif,Positif
barang sesuai pesanan,Positif
pengiriman oke saran untuk facial wash nya mungkin perlu ditambahkan fragrance biar baunya lebih enak soalnya baunya kurang begitu nyaman digunakan,Positif
moga cocok soalnya dulu cocok banget pakai ini,Positif
pengiriman cepat mantap,Netral
alhamdulillah sudah sampai barangnya dan pengemasan barangnya juga ok thank you kurir sicepat team avoskin,Negatif
bahannya gampang menyerap,Netral
bagus,Netral
bagus,Netral
oke,Negatif
dapat gratis mini pouch terima kasih semoga cocok,Netral
alhamdulillah barangnya sudah sampai semoga cocok dan selau dapat harga diskon yes,Negatif
cocok sama produknya,Positif
sudah berkali kali beli di toko official ini dan setiap kali pembelian selalu amanah thanks,Positif
barang nya oke,Positif
repeat order,Netral
masalah kulitku pori besar,Negatif
ini beda nih dari pertama beli first time mencoba jatuh cinta banget waktu itu pilih shade strawberrypine sama raspberry muffin terus ini pembelian kedua merasa ini formulanya beda banget ini lebih berminyak tapi short lasting masa iya habis minum air hilang lah coba itu rugi dong sudahlah aku pindah haluan saja byeee,Negatif
tipe kulitku berminyak tipe kulitku sensitif masalah kulitku jerawat masalah kulitku pori besar overall worth itu,Netral
kecepatan pengiriman baik ada bubble warp,Netral
tipe kulitku sensitif masalah kulitku jerawat masalah kulitku pori besar,Netral
dapat harga ceban yay belum dicoba,Netral
pembelian kesekian kalinya cocok di muka apalagi kalo pas jerawatan kulitnya tetap bisa bernafas,Netral
ternyata dapat ya baru pertama kali semoga cocok,Netral
mudahan cocok terima kasih,Positif
sudah sering beli ini dan selalu cocok,Netral
barang datang dengan selamat walau agak lama datangnya,Netral
packing nya bagus banget untuk cream dengan harga segitu tekstur ringan cepat meresap di kulit enggak ada bau menyengat sama sekali semoga cocok di kulit aku yang kering tapi bruntusan terima kasih,Positif
terima kasih,Netral
bahannya ringan mudah menyerap cocok di kulit aku yang berjerawat enggak bikin breakout the best pokoknya,Netral
tipe kulitku kombinasi masalah kulitku jerawat,Netral
tipe kulitku kombinasi,Netral
tipe kulitku berminyak masalah kulitku pori besar original terima kasih,Netral
bahannya ringan cocok digunakan,Positif
tipe kulitku berminyak baru mau mencoba makai ini tapi sebelumnya mencoba punya teman cocok,Netral
barang datang sesuai packing nya aman serta pengiriman cepat,Netral
berasa cerah jika sudah pakai cuman di aku jadi bikin kering jadi mesti pakai pelembab muka lagi,Netral
sudah beberapa tahun pakai memang cocok karena enggak white cast begitu nyaman ringan juga thanks seller tipe kulitku kombinasi,Netral
warnanya cantik banget,Netral
cocok di tipe kulitku kombinasi,Netral
jujur agak panik pas lihat dusnya penyok tapi ternyata isinya aman meskipun pas buka dus kemasan tutup botol moist nya agak kurang rapet untung isinya masih aman enggak luber kemana mana,Netral
jujur agak panik pas lihat dusnya penyok tapi ternyata isinya aman meskipun pas buka dus kemasan tutup botol moist nya agak kurang rapet untung isinya masih aman enggak luber kemana mana baru sekali pakai produk yang ini oke banget pas dipakai ke kulit cocok suka sama packing barunya,Netral
cocok di kulit berminyak kemasannya lucu,Netral
bahannya ringan cepat meresap terus packaging nya ok banget,Netral
terima kasih banyak paket sudah sampai dengan selamat,Netral
barang bagus sesuai packing mantap terima kasih,Netral
enggak usah ditanya lagi memang sebagus itu lembab dan bisa bantu pulih skin barier sejauh ini moisturizer yang enggak akan ganti lagi,Netral
produk sangat bagus langsung menyerap dan membuat lembab,Netral
sudah repurchase berkali produk simple dan efektif packaging juga simple dan aman,Netral
cocok di kulit saya tekstur ringan dan sangat cepat menyerap di kulit super recommended,Positif
baru pertama kali beli skin game mudah mudahan cocok,Negatif
akhirnya menemukan moisturizer yang cocok moistnya ringan dan cepat menyerap aku sudah memakai tube tube bisa dipakai bulan lebih tergantung pemakaiannya,Netral
bagus semoga cocok,Netral
baru mau dicoba semoga cocok,Positif
produk orisinal dan aman kakak adminnya juga ramah banget bakal repurchase lagi deh kayaknya,Positif
pengiriman dan pengemasan cepat banget aman produk sesuai sudah pernah coba dan lumayan bikin jerawat cepat mateng thankyou,Netral
baunya agak aneh apek dan bau besi seperti dari tempatnya saya pernah pakai sabun lain yang tanpa bau tapi enggak pernah seperti ini jadi kurang nyaman pakainya dan sampai sekarang masih ada,Netral
dari dulu selalu jadi langganan untuk solusi kalau lagi jerawatan bulan ini kebetulan lagi breakout dan tidak pikir lama langsung checkout kembali ini holy grail love you kembali serebu,Netral
barang sampai dengan selamat packagingnya juga aman semoga cocok,Positif
baru pertama kali coba semoga cocok thank you seller,Positif
barang sampai dengan selamat,Negatif
packing rapi dan aman barang sesuai pesanan,Netral
this moisturizer is seriously game changer love how one bottle could last me months,Netral
baru mencoba pertama kali semoga bisa cocok karena reviewnya bagus,Netral
mantap sesuai semoga cocok,Netral
tadinya mau beli diofflinestore tapi mahal banget pas cek dionline store nya cuma karena dapat potongan sama lagi flashsale langsung beli,Positif
terima kasih,Positif
terima kasih,Netral
terima kasih tapi tumben enggak ada gift nya,Netral
tipe kulitku berminyak masalah kulitku jerawat semoga cocok sama rangkaian ini terima kasih,Netral
setelah semingguan pakai muka jadi bruntusan enggak tau memang efek samping pemakaian atau memang enggak cocok,Netral
bagus,Positif
pengirimannya cukup cepat dan barang yang dikirimkan sesuai pesanan expired datenya dan,Positif
cocok dikulit saya enggak kering atau tertarik pengiriman cepat mantap,Positif
lipstiknya mudah patah saran kalau pakai jangan diulur terlalu panjang,Positif
barang lengkap packing aman dan rapi belum coba productnya semoga cocok tipe kulitku normal,Positif
bacanya review nya bagus mudahan juga cocok terima kasih bonusnya pas banget pas lagi butuh,Positif
cocok dikulit sebelum pakai jerawat biji di pipi agak meradang malam dikasih besoknya sudah mendingan dan kempes,Netral
sebenarnya bagus tapi di aku jatuhnya bikin bibir agak kering walaupun sebelum pakai lipstick sudah pakai lipbalm warnanya pigmented banget merah queennya bagus banget,Netral
exp date masih lama pengirimannya juga cepat dapat diskonnya lumayan lagi thanks somethinc,Positif
semoga cocok di kulitku yang sensitif ini karena banyak teman yang rekomen coba ini jadi langsung aku checkout,Positif
belum dicoba semoga cocok,Netral
paket aman semoga cocok,Positif
tipe kulitku berminyak tipe kulitku kering tipe kulitku normal tipe kulitku kombinasi tipe kulitku sensitif masalah kulitku jerawat,Netral
kiriman cepat packing bagus,Positif
sesuai dengan deskripsi,Positif
ingredients nya bikin penasaran jadi pengin mencoba sejauh ini selalu repurchase produk avo dan selalu cocok aaaa,Positif
pengirimannya lama banget tolong diganti kurirnya,Negatif
pengemasan oke semoga cocok,Positif
ok semoga cocok,Netral
bintang karena pertamanya dikirimin yang expired sedangkan pembelian harga normal sebelum beli sudah chat tanya perbedaan harga normal dan sale sale expired dan normal expired walaupun akhirnya bisa return dan ganti yang expired tapi proses return nya itu ribet banget terutama pihak expedisi sicepat yang tidak segera pick up sampai hari maksudnya kalau dari awal teliti saya enggak perlu buang waktu untuk mengurusi return nya semoga kedepannya makin teliti ya untuk packing sudah aman bagus admin juga responsive thank you,Negatif
packing aman dan expired masih lama,Positif
huhu serum nya sudah datang cepat banget pengiriman beli dapat harga diskon baru pertama pakai ini semoga cocok di muka ku tipe kulitku normal,Positif
tipe kulitku sensitif,Netral
ini kenapa paket saya di lempar sama kurir ya sudah jelas jelas ada tulisan fragile di dusnya,Negatif
barang sudah sampai baru pertama kali mencoba semoga cocok,Netral
serum terbaik buat memperbaiki skin barier yang rusak pakai serum ini sejak dan hasilnya jerawatku enggak pernah muncul lagi dan kulitku jadi enggak pernah rewel lagi please jangan sampai enggak produksi lagi serum ini karena sudah jadi pakai kulit aku,Positif
mencari alternatif ingredients yang bisa menyamarkan bekas jerawat aku karena enggak cocok sama vit niacin dan alpha arbutin,Netral
dulu sudah pernah memakai dan ngefek banget ke kulit bikin jadi lembab dan enggak beruntusan tapi dibarengin sama refining tonernya juga,Positif
pesan tanggal dikirim tanggal padahal tanggal sudah harus dibawa terbang kecewa karena sudah dua kali mendapatkan pelayanan yang kurang menyenangkan padahal produk bagus dan sudah menjadi pengguna tetap avoskin,Negatif
bagus sih produknya cocok cuma sedikit kecewa packagingnya kurang aman enggak ada bublewrapnya padahal perjalanan jauh dari sidoarjo sampai jakarta,Negatif
pengirimannya pakai sicepat tapi sangat lambat sudah ada gudang tanggal baru diantar ke rumah tanggal sayang banget enggak sesuai nama,Negatif
paket diterima dengan keadaan baik,Positif
baru pertama pakai semoga cocok ya min tipe kulitku berminyak tipe kulitku kombinasi,Netral
fast respon,Positif
nice,Positif
worth the price pcs dapat harga cashback,Netral
thanks ya,Positif
packing aman banget semoga cocok,Positif
alhamdulillah aku cocok pakai azarine kulit wajah ku perlahan teratasi dengan azarine thanks azarine,Positif
repurchased indak bikin kusam affordable,Netral
isinya dikit banget sampai bingung mengira enggak ada isinya,Negatif
ringan di kulit warna pas,Netral
cepat sampai ringan sesuai namanya tinted sunscreen tapi masih bisa buat menutupi kemerahan aku sebelumnya mencoba shade nina tapi malah jadi kusam dan kuning akhirnya mencoba shade butter dan pas,Netral
cepat sampai teksturnya agak creamy smugeproof juga loh tapi warnanya agak kurang pigment,Negatif
teksturnya ringan mudah menyerap kulit sudah ada spf nya jadi kalo dipakai daily pun ok walaupun enggak full coverage tapi bisa menutupi warna tidak merata dimuka bakalan repurchase ini,Negatif
pengiriman cepat packing oke thanks,Netral
suka sama warnanya next order warna lain,Netral
tipe kulitku berminyak alhamdulillah cocok thanks,Netral
beli serum ini pas dapat harga flash sale lumayan banget diskonnya packing oke pengiriman lumayan cepat produknya belum dicoba jadi belum bisa kasih nilai,Positif
jujur buat aku enggak cocok tapi aku gapaham skincare dan cenderung asal beli cuma sepertinya ini works deh kalo memang cocok tipe kulitnya feel dimukanya setelah dipakai agak lengket menurut aku jadi enggak bisa tidur miring terus bukan tipe skincare yang kalo kena angin adem mukanya cuma yaudah salahku,Negatif
hasil akhir bagus kayak kulit kita tapi bersih yang sehat,Negatif
